This file was created by CMPT_BEME_RETS using the 201603 CRSP database.,,,
It contains value- and equal-weighted returns for portfolios formed on BE/ME.,,,
,,,
,,,
The portfolios are constructede at the end of June.,,,
,,,
,,,
  Value Weighted Returns -- Monthly,,,
,Lo 30,Med 40,Hi 30
192607,5.56,1.92,1.06
192608,2.64,2.64,6.09
192609,1.29,0.06,-0.71
192610,-3.59,-2.42,-3.59
192611,3.13,2.92,3.13
192612,2.96,2.58,2.61
192701,-0.29,0.02,4.33
192702,4.97,3.66,8.14
192703,1.21,0.16,-2.64
192704,2.92,-0.7,0.41
192705,5.41,5.04,8.92
192706,-0.98,-2.86,-2.22
192707,9.12,6.66,6.72
192708,3.88,1.04,-1.51
192709,5.32,4.28,5.05
192710,-3.56,-4.18,-6.5
192711,7.14,6.83,7.2
192712,2.57,1.89,3.31
192801,-0.39,-0.2,-1.36
192802,-0.78,-1.17,-2.97
192803,12.17,6.27,8.1
192804,2.94,6.26,5.43
192805,2.72,0,0.98
192806,-3.73,-4.37,-5.67
192807,1.32,0.09,0.51
192808,8.67,5.37,6.24
192809,3.47,2.02,4.85
192810,1.49,1.5,1.93
192811,11.1,13.19,12.96
192812,0.93,-0.03,0.89
192901,6.37,4.72,2.39
192902,-0.55,0.84,2.59
192903,-1.49,1.99,-0.86
192904,2.17,1.18,2.4
192905,-5.82,-4.36,-7.41
192906,12.35,9.35,7.31
192907,3.48,5.9,4.79
192908,7.09,12.01,5.88
192909,-4.42,-4.94,-5.95
192910,-24.15,-14.28,-11.7
192911,-14.29,-10.89,-8.26
192912,3.3,0.44,0.93
193001,7.16,3.51,3.58
193002,3.43,1.86,1.62
193003,6.85,8.43,6.05
193004,-2.42,-1.79,-6.23
193005,0.64,-2.27,-1.58
193006,-17.84,-13.28,-12.81
193007,4.43,4.2,4.68
193008,1.14,-0.83,-1.81
193009,-12.05,-11.86,-17.52
193010,-9.44,-7.34,-11.33
193011,-2.33,-2.83,-5.78
193012,-5.86,-9.25,-11.34
193101,4.77,7.16,13.96
193102,12.87,6.94,13.16
193103,-4.2,-10.04,-8.48
193104,-8.88,-11.24,-12.81
193105,-11.38,-15.61,-19.07
193106,12.82,15.78,24.21
193107,-5.19,-10.11,-10.11
193108,0.88,-1.57,-1.25
193109,-28.85,-28.25,-34.68
193110,9.51,3.55,9.6
193111,-6.14,-16.15,-12.87
193112,-11.58,-18.69,-21.27
193201,-3.4,2.03,7.94
193202,7.06,1.75,0.71
193203,-10.2,-14.96,-13.31
193204,-18.13,-19.96,-17.63
193205,-19.21,-25.88,-22.56
193206,-1.7,0.46,5.85
193207,28.21,47.93,66.79
193208,31.41,51.19,67.04
193209,-1.05,-6.41,-6.77
193210,-10.78,-17.63,-23.37
193211,-2.71,-8.89,-15.68
193212,6.79,0.77,-5.25
193301,0.01,2.95,8.58
193302,-14.96,-16.67,-18.11
193303,0.99,9.68,8.63
193304,33.8,52.03,57.29
193305,17.21,28.45,48.41
193306,11.54,15.98,21.12
193307,-8.9,-13.04,-8.93
193308,10.6,15.37,17.27
193309,-9.14,-12.43,-19.6
193310,-6.18,-10.72,-17.21
193311,9.66,11.77,11.76
193312,2.13,1.97,2.96
193401,9.94,17.57,26
193402,-2.37,-2.82,-2.49
193403,0.03,0.02,-0.53
193404,-1.74,-2.24,-4.18
193405,-6.41,-8.69,-13.28
193406,2.64,2.3,2.02
193407,-8.42,-12.06,-23.36
193408,6.12,4.61,6.64
193409,-0.27,-0.16,-0.6
193410,-0.42,-2.67,-6.93
193411,10.31,5.37,10.92
193412,0.8,0.58,-1.68
193501,-3.04,-2.9,-8.38
193502,-0.89,-1.8,-11.87
193503,-3,-3.48,-8.34
193504,8.02,9.87,12.6
193505,3.08,4.27,3.6
193506,6.3,5.62,6.95
193507,7.01,6.51,16.49
193508,2.58,2.4,5.23
193509,4.68,0.83,1.03
193510,6.64,8.07,6.15
193511,3.08,5.78,15.24
193512,3.01,5.97,7.68
193601,3.36,9.46,13.74
193602,1.91,2.95,7.05
193603,2.61,0.15,-0.72
193604,-7.24,-8.57,-11.09
193605,5.06,5.13,6.88
193606,3.57,2.05,0.03
193607,6,6.26,11.94
193608,0.3,0.85,4.34
193609,0.95,1.27,0.81
193610,6.37,8.69,8.45
193611,3.53,3.42,0.7
193612,-1.76,2.41,1.74
193701,3.72,1.64,6.7
193702,-0.15,0.86,6.84
193703,-1.76,-0.2,5.65
193704,-6.89,-6.39,-11.05
193705,0.23,-0.73,-3.1
193706,-4.22,-2.95,-7.76
193707,9.25,8.01,10.96
193708,-4.22,-4.61,-7.6
193709,-12.59,-12.75,-19.56
193710,-10.19,-7.68,-14.07
193711,-8.81,-7.86,-8.44
193712,-4.36,-3.14,-7.16
193801,1.39,-0.12,-0.33
193802,6.43,5.39,5.9
193803,-23.67,-22.68,-30.31
193804,13.98,14.63,16.19
193805,-3.64,-3.78,-6.01
193806,25.85,21.21,29.83
193807,6.89,7.69,10.12
193808,-0.5,-6.01,-5.81
193809,1.31,0.43,-1.24
193810,7.03,7.63,14.58
193811,-1.18,-2.18,-3.32
193812,3.42,4.43,7.8
193901,-5.3,-6.31,-10.9
193902,3.36,3.26,6.81
193903,-9.96,-13.92,-21.57
193904,-0.14,-0.04,-2.5
193905,6.96,5.8,9.36
193906,-4.45,-6.63,-11.28
193907,11.4,8.75,13.72
193908,-6.42,-6.16,-11.2
193909,13.98,17.73,43.23
193910,0.04,-0.81,-4.43
193911,-2.72,-3.92,-10.35
193912,3.6,2.39,0.9
194001,-2.2,-2.48,-4.72
194002,1.3,1.47,1.8
194003,2.42,1.52,2.26
194004,-0.03,0.25,0.98
194005,-22.19,-21.1,-26.25
194006,4.94,8.11,10.17
194007,3.4,3.14,3.3
194008,2.19,1.86,3.25
194009,3.18,1.4,1.67
194010,0.94,6.32,7.82
194011,-1.88,-1.23,-0.57
194012,0.57,0.87,-0.18
194101,-5.03,-3.78,-1.34
194102,-1.61,-1.51,-0.76
194103,0.54,1.21,3.44
194104,-6.51,-4.61,-2.5
194105,0.96,2.52,2.25
194106,6.15,5.65,3.78
194107,3.84,8.29,11.33
194108,0.65,-0.93,-1.98
194109,-0.06,-2.17,-1.71
194110,-6.09,-3.46,-3.18
194111,-2.25,-0.76,-1.88
194112,-4.69,-3.85,-9.84
194201,-1.66,1.02,11.2
194202,-2.26,-2.7,-2.25
194203,-5.81,-7.33,-6.05
194204,-4.62,-4.46,-2.99
194205,7.32,4.77,0.8
194206,3.02,2.54,2.72
194207,2.72,4.28,7.13
194208,1.72,1.79,3.85
194209,2.61,2.83,4
194210,5.35,7.88,12.46
194211,1.07,0.09,-4.34
194212,4.85,5.81,5.4
194301,5.43,8.36,12.06
194302,4.9,7.14,12.36
194303,4.23,7.41,11.83
194304,-0.12,1.34,3.64
194305,5.08,5.93,8.41
194306,2.13,1.89,0.09
194307,-4.77,-3.93,-5.98
194308,1.48,1.21,0.29
194309,2.22,2.75,3.03
194310,-1.43,-0.9,0.45
194311,-4.8,-6.7,-9.51
194312,5.7,7.22,8.02
194401,0.89,1.87,4.95
194402,0.08,0.8,2.13
194403,2.2,2.66,4.1
194404,-1.41,-1.96,-1.98
194405,4.63,5.21,5.72
194406,5.03,5.55,7.91
194407,-1.61,-1.44,-0.93
194408,1.45,1.51,1.25
194409,0.36,-0.24,-0.25
194410,-0.06,0.81,-0.14
194411,1.16,2.31,3.24
194412,2.58,4.72,9.83
194501,0.88,3.23,3.52
194502,5.19,6.4,10.07
194503,-3.23,-4.56,-4.96
194504,6.78,8.13,10.73
194505,2.03,1.15,1.8
194506,-1.1,0.89,3.99
194507,-1.5,-1.95,-4.62
194508,8.56,4.65,2.95
194509,4.64,4.58,5.82
194510,2.51,5.12,5.74
194511,3.15,6.13,9.65
194512,1.87,1.3,-0.18
194601,6.26,5.25,8.44
194602,-5.9,-5.11,-7.35
194603,5.23,6.93,5.24
194604,3.79,5.39,3.18
194605,3.35,3.73,6.26
194606,-4.42,-2.84,-4.43
194607,-2.85,-2.5,-2.72
194608,-6.44,-6.37,-6.37
194609,-10.03,-8.85,-12.3
194610,-2.52,-1.71,0.5
194611,-0.29,0.63,0.01
194612,5.32,5.15,4
194701,2.3,-0.28,2.12
194702,0,-1.28,-1.48
194703,-1.88,-1.2,-1.64
194704,-5.35,-4,-5.07
194705,-1.33,-0.12,-2.25
194706,6.35,4.62,4.58
194707,3.58,3.69,7.3
194708,-1.86,-1.46,-2.06
194709,-0.63,-0.58,0.21
194710,2.28,3.02,2.99
194711,-2.17,-1.62,-1.9
194712,1.95,3.31,6.04
194801,-4.43,-3.93,-2.9
194802,-4.7,-3.88,-4.85
194803,7.76,7.76,11.17
194804,2.24,4.26,6.75
194805,8.54,6.62,7.79
194806,-0.71,0.19,1.51
194807,-5.01,-5.3,-4.49
194808,0.8,-0.23,0.47
194809,-2.73,-2.58,-3.95
194810,6.34,5.75,6.16
194811,-8.39,-8.8,-13.33
194812,4.8,2.56,2.04
194901,0.59,-0.87,1.53
194902,-2.58,-2.82,-4.23
194903,4.3,3.56,5.42
194904,-2.06,-0.84,-2.71
194905,-1.93,-3.13,-5.29
194906,1.03,0.13,-2.29
194907,5.28,5.87,6.59
194908,2.73,2.85,2.69
194909,2.71,3.67,4.32
194910,3.3,3.09,3.43
194911,2.88,0.26,1.2
194912,5.37,4.02,7.33
195001,1,2.21,3.89
195002,1.58,1.51,0.97
195003,1.93,0.74,0.25
195004,4.38,3.23,5.73
195005,4.57,4.81,3.92
195006,-5.49,-6.49,-5.76
195007,-3.37,4.39,12.8
195008,6.06,4.22,3.05
195009,5.77,3.9,4.64
195010,-0.18,-0.48,1.66
195011,2.35,3.31,4.34
195012,3.39,6.69,10.94
195101,5.2,5.52,9.05
195102,2.23,1.83,-1.33
195103,-0.73,-2.73,-5.1
195104,4.37,5.54,6.71
195105,-2.33,-1.86,-3.5
195106,-2.23,-1.31,-6.87
195107,6.62,7.14,8.63
195108,4.18,4.46,5.09
195109,0.66,0.56,1.7
195110,-3.74,-0.57,-2.18
195111,0.82,0.55,0.79
195112,4.12,3.61,0.97
195201,0.52,2.4,3.58
195202,-2.2,-2.85,-2.86
195203,4.26,4.78,6
195204,-4.6,-5.09,-5.02
195205,3.71,2.79,3.41
195206,3.83,4.2,4.31
195207,1.24,0.72,1.31
195208,-0.73,-0.41,-0.76
195209,-1.74,-1.82,-2.42
195210,-0.84,0.12,-0.76
195211,6.25,5.32,7.39
195212,3.17,2.83,3.41
195301,-0.78,0.07,1.94
195302,-0.21,0.09,-0.38
195303,-1.03,-1.4,-2.57
195304,-3.09,-2.29,-1.74
195305,0.93,0.24,1.21
195306,-1.76,-1.45,-2.19
195307,2.93,2.1,1.73
195308,-3.99,-3.93,-7.85
195309,0.8,0.26,-1.9
195310,5.02,4.31,4.38
195311,3.31,2.28,2.63
195312,0.54,0.27,-2.5
195401,4.5,5.8,8.11
195402,1.6,2.19,0.87
195403,4.19,3.49,1.89
195404,5.18,3.46,3.06
195405,2.91,2.66,6.45
195406,1.8,-0.11,1.04
195407,4.32,5.24,9.09
195408,-2.96,-0.84,-4.17
195409,6.82,6.43,6.11
195410,-2.28,-0.95,0.12
195411,9.54,8.25,14.35
195412,4.32,6.15,11.66
195501,0.08,0.82,3.36
195502,3.05,2.98,3.67
195503,-0.33,-0.22,1.97
195504,4.07,1.94,4.01
195505,1.87,0.21,0.21
195506,6.42,7.33,7.7
195507,2.01,2.25,0.61
195508,0.59,-0.06,1.16
195509,0.18,-0.35,-1.84
195510,-3.05,-1.56,-2.8
195511,7.93,5.73,8.63
195512,1.93,1.87,-0.68
195601,-3.96,-1.14,-2.2
195602,4.95,2.82,3.19
195603,7.14,6.98,5.18
195604,-0.05,1.28,0.64
195605,-5.03,-4.78,-6.11
195606,4.6,2.83,1.64
195607,4.83,5.56,4.71
195608,-3.16,-2.94,-2.82
195609,-5.9,-3.71,-3.32
195610,0.64,0.85,1.19
195611,-0.29,1.99,1.36
195612,3.43,3.85,1.93
195701,-4.27,-2.76,-1.09
195702,-1.71,-1.76,-3.07
195703,2.7,1.95,1.84
195704,5.28,3.89,2.74
195705,4.6,2.85,1.68
195706,0,-1.34,-0.39
195707,1.26,0.55,0.92
195708,-5.44,-3.29,-5.84
195709,-6.34,-4.37,-6.2
195710,-3.83,-3.53,-7.54
195711,3.11,1.95,-0.13
195712,-3.9,-2.54,-5.92
195801,3.5,6.26,12.07
195802,-1.8,-0.55,-1.89
195803,3.42,3.23,3.32
195804,3.32,2.46,4.99
195805,2.11,2.73,3.81
195806,3.12,2.73,3.08
195807,4.39,4.07,7.58
195808,1.72,1.97,3.4
195809,4.74,4.36,8.16
195810,2.69,2.63,3.86
195811,3.37,2.29,4.31
195812,4.95,6.65,3.9
195901,-0.57,2.9,4.53
195902,0.57,1.69,2.4
195903,0.71,0.1,0.36
195904,4.73,2.58,3.47
195905,2.68,0.59,3.08
195906,-0.37,0.39,2.08
195907,3.94,2.45,3.21
195908,-1.36,-1.01,-0.74
195909,-5.01,-3.36,-5.07
195910,1.48,1.85,0.38
195911,3,0.01,-0.04
195912,2.97,2.57,3.72
196001,-8.15,-4.3,-5.02
196002,1.37,2.13,-0.79
196003,-0.9,-1.19,-4.76
196004,-1.52,-1.42,-3.12
196005,4.34,1.73,0.29
196006,2.64,1.64,2.55
196007,-3.52,-0.29,-1.31
196008,2.74,4.13,2.74
196009,-6.76,-4.42,-5.37
196010,-0.74,-0.1,0.11
196011,5.45,4.03,3.82
196012,3.58,7.17,3.49
196101,4.9,7.86,9.95
196102,4.12,2.74,4.02
196103,2.28,4.07,2.92
196104,-0.31,1.12,2.45
196105,3.19,1.7,3.24
196106,-2.34,-3.3,-3.51
196107,3.05,3.41,1.14
196108,3.16,1.88,2.07
196109,-1.2,-3.08,-3.67
196110,2.24,3.92,2.56
196111,4.92,4.19,4.34
196112,-0.24,0.33,1.51
196201,-4.98,-1.79,0.72
196202,1.84,2.26,2.35
196203,-0.35,-0.36,-1.87
196204,-6.63,-5.76,-6.25
196205,-9.1,-7.11,-6.88
196206,-9.04,-6.95,-6.73
196207,8.07,5.26,4.16
196208,2.79,1.74,2.45
196209,-5.11,-4.74,-4.76
196210,0.48,0.53,-0.15
196211,11.37,10.13,13.95
196212,1.44,1.68,0.23
196301,5,4.47,7.71
196302,-2.8,-1.8,-0.76
196303,3.36,3.25,4.65
196304,4.92,4.48,5.59
196305,2.31,1.21,4
196306,-2.31,-1.47,-0.69
196307,-0.05,0.36,-1.5
196308,5.38,4.67,7.04
196309,-1.1,-1.63,-1.84
196310,3.8,1.3,2.21
196311,-0.31,-1.41,0.36
196312,2.02,2.83,1.59
196401,2.64,2.68,2.96
196402,1.42,1.72,4.43
196403,0.91,3.11,3.46
196404,0.38,0.95,-0.84
196405,1.52,1.17,3.68
196406,1.67,1.29,2.35
196407,1.9,2.35,2.31
196408,-1.23,-0.82,-1.28
196409,2.37,3.51,5.12
196410,0.31,1.75,1.52
196411,0.48,0.86,-2.88
196412,1.11,-0.33,-1.93
196501,4.02,3.05,5.04
196502,0.65,0.31,1.14
196503,-1.11,-1.45,0.63
196504,3.8,2.62,3.4
196505,-0.27,-0.01,-2.04
196506,-4.7,-5.23,-5.62
196507,1.36,1.71,4.16
196508,3.03,2.95,3.14
196509,3.8,2.33,3.68
196510,2.92,2.12,5.83
196511,0.09,0.17,1.02
196512,0.93,1.06,4.29
196601,-0.08,1.5,4.98
196602,-1.45,-0.53,0.48
196603,-1.51,-2.68,-3.48
196604,2.51,2.03,2.7
196605,-4.37,-5.42,-8.05
196606,-1.93,-0.06,-0.14
196607,-1.63,-0.67,-1.09
196608,-7.77,-6.82,-8.03
196609,-1.02,0.1,-0.68
196610,3.01,6.74,4.19
196611,3.85,-0.66,0.01
196612,-0.25,1.49,0.12
196701,8.25,7.04,13.41
196702,2.12,-0.12,-0.13
196703,4.33,3.97,5.15
196704,5.97,1.96,3.18
196705,-4.88,-3.34,-2.44
196706,1.72,2.58,5.22
196707,4.99,3.8,8.06
196708,-0.74,-0.77,0.99
196709,3.92,2.91,2.06
196710,-1.47,-3.63,-4.97
196711,1.1,0.38,-0.38
196712,2.49,3.61,5.24
196801,-5.99,-1.05,-0.07
196802,-3.49,-2.37,-3.84
196803,1.72,-0.75,0.12
196804,10.5,6.18,12.39
196805,2.76,0.91,6.16
196806,-0.03,3.37,0.21
196807,-4.63,-0.07,0.4
196808,1.39,1.58,2.74
196809,3.64,4.51,5.01
196810,-0.62,1.71,2.95
196811,5.74,5.8,5.64
196812,-4.38,-3.08,-3.09
196901,-1.82,0.03,0.31
196902,-4.53,-5.57,-5.38
196903,3.83,2.49,2.9
196904,3.02,0.52,2.67
196905,-0.19,0.71,0.79
196906,-4.15,-8.19,-7.42
196907,-5.4,-7.72,-6.14
196908,6.74,4.46,2.74
196909,-0.56,-3.43,-4.55
196910,6.67,4.86,4.13
196911,-2.44,-3.96,-3.83
196912,-0.29,-2.11,-4.58
197001,-7.91,-8.23,-5.33
197002,3.54,7.48,7.87
197003,-2.2,1.26,1.01
197004,-11.43,-9.9,-7.86
197005,-8.2,-4.65,-4.57
197006,-5.68,-3.53,-6.69
197007,5.24,9.59,7.71
197008,4.23,5.4,5.98
197009,7.98,0.95,4.61
197010,-1.12,-1.94,-3.04
197011,4.79,5.43,5.77
197012,5.53,6.89,6.34
197101,5.12,4.44,6.3
197102,2.55,0.55,2.03
197103,6.16,3.22,2.43
197104,3.94,2.7,4.88
197105,-2.85,-4.33,-4.64
197106,1.11,-0.24,-0.43
197107,-4.31,-3.59,-5.13
197108,5.49,1.4,8.09
197109,0.41,-1.18,-2.42
197110,-3.96,-3.56,-4.93
197111,0.72,-0.56,-1.95
197112,9.21,8.68,10.22
197201,2.95,0.92,6.53
197202,4.5,1.21,1.49
197203,2.18,-1.22,0.46
197204,0.71,0.21,0.94
197205,2.78,0.66,-1.7
197206,-1.12,-2.77,-5.49
197207,0.32,-1.35,-1.24
197208,1.33,6.53,6.63
197209,-0.58,-1.25,-0.27
197210,0.38,2,1.27
197211,2.98,6.44,9.26
197212,2.51,-0.79,-0.8
197301,-2.8,-2.48,-1.71
197302,-3.26,-5.2,-4.99
197303,-1.41,0.19,0.93
197304,-6.26,-2.83,-1.84
197305,-1.19,-2.56,-3.79
197306,-1.03,-0.59,-1.07
197307,6.95,2.86,5.88
197308,-3.41,-3.13,-1.57
197309,2.69,9.12,8.9
197310,-0.4,-0.17,0.09
197311,-13.07,-10.73,-11.99
197312,-1.46,4.77,4.41
197401,-0.65,-0.18,6.24
197402,-1.02,1.22,2.08
197403,-1.69,-3.27,-2.19
197404,-3.74,-5.89,-4.16
197405,-1.87,-5.36,-6.28
197406,-2.11,-1.79,-2.23
197407,-9.33,-4.39,-2.82
197408,-10.05,-5.92,-7.17
197409,-13.6,-6.18,-7.21
197410,21.1,10.84,8
197411,-4.07,-3.56,-4.42
197412,-3.4,-0.63,-4.18
197501,11.03,17.96,23.93
197502,8.14,2.83,2.58
197503,3.08,2.15,7.53
197504,5.72,2.24,5.64
197505,5.86,5.97,2.75
197506,4.42,6.49,7.24
197507,-7.33,-3.73,-3.73
197508,-2.33,-2.04,-4.03
197509,-3.93,-2.8,-3.66
197510,6.32,5.46,4.56
197511,2.97,3.4,4.23
197512,-1.81,0.29,0.22
197601,10.95,15.08,20.91
197602,-1.02,2.61,7.9
197603,2.76,2.81,2.04
197604,-1.57,0.06,-1.35
197605,-0.62,-1.65,-1.85
197606,4.44,4.96,5.08
197607,-1.19,0.27,0.52
197608,-0.43,0.86,-1.04
197609,2.24,3.06,2.66
197610,-2.48,-1.2,-2.91
197611,-0.54,2.53,2.71
197612,5.01,6.95,9.24
197701,-5.98,-1.15,1.03
197702,-1.82,-1.48,-1.17
197703,-1.55,-0.46,0.39
197704,-1,1.92,3.65
197705,-1.73,-0.05,-0.72
197706,5.75,4.05,5.65
197707,-1.38,-0.94,-2.01
197708,0.36,-3.2,-2.51
197709,-0.55,1.12,-0.26
197710,-4.28,-3.62,-2.64
197711,4.29,4.2,5.95
197712,0.41,0.95,1.29
197801,-6.29,-5.37,-2.61
197802,-2.25,0.61,-0.37
197803,2.48,3.95,5.08
197804,10.98,5.76,6.97
197805,2.33,1.68,3.43
197806,-1.36,-1.24,-0.84
197807,6.9,4.22,5.87
197808,4.01,4.83,3.68
197809,-2.49,0.82,-0.2
197810,-11.28,-10.15,-13.36
197811,3.48,3.45,3.33
197812,2.89,0.84,0.16
197901,3.75,5.37,7.4
197902,-3.69,-2.35,-2.65
197903,6.29,5.98,7.78
197904,0.34,0.86,1.33
197905,-1.91,-1.22,-0.84
197906,3.36,5.58,5.75
197907,0.76,2,3.01
197908,7.01,5.64,5.78
197909,-0.62,0.73,-0.83
197910,-6.97,-6.65,-8.93
197911,7.06,5.83,4.66
197912,3.56,1.53,2.61
198001,5.24,6.52,8.04
198002,-2.75,1.53,-0.24
198003,-10.28,-11.32,-13.95
198004,4.03,5.72,6.07
198005,5.97,5.69,6.78
198006,3.41,3.55,2.76
198007,9.77,5.73,3.47
198008,2.9,1.81,2.07
198009,4.29,3.21,-0.65
198010,2.3,2.82,-0.25
198011,11.75,12.42,4.46
198012,-2.56,-4.4,-0.84
198101,-5.72,-4.72,1.74
198102,2.39,1.4,1.6
198103,4.25,4.1,5.65
198104,-1.61,-1.48,1.58
198105,1.35,-0.07,2.95
198106,-3.54,1.94,0.19
198107,0.8,-0.8,-1.15
198108,-7.22,-5.54,-2.85
198109,-6.83,-6.05,-1.97
198110,8.41,4.29,4.63
198111,3.7,5.05,4.23
198112,-3.04,-2.5,-2.32
198201,-2.22,-3.62,0.21
198202,-7.39,-3.32,-1.75
198203,-1.98,-0.52,1.87
198204,5.85,3.77,2.85
198205,-3.48,-2.29,-2.19
198206,-2.62,-1.23,-1.61
198207,-0.87,-3.75,-1.6
198208,10.62,12.66,12.68
198209,2.03,2.35,0.64
198210,13.2,11.45,9.94
198211,7.49,3.1,4.63
198212,1.16,1.15,1.51
198301,3.79,3.59,5.76
198302,3.75,2.94,2.84
198303,2.51,4.73,3.44
198304,6.04,8.87,7.19
198305,1.06,0.87,0.64
198306,5.34,3.78,1.01
198307,-5.3,-2.3,-0.81
198308,-1.88,0.4,4.51
198309,2.19,1.65,1.21
198310,-4.42,-1.38,-0.61
198311,3.09,2.7,2.23
198312,-1.04,-1.02,-0.55
198401,-5.16,0.47,3.38
198402,-5.07,-4.27,-1.82
198403,1.37,1.56,0.67
198404,0.22,0.21,1.48
198405,-4.97,-4.59,-5.71
198406,4.43,1.63,2.46
198407,-1.86,-1.97,-2.52
198408,11.67,11.04,11.3
198409,-2.46,-0.11,3.08
198410,0.2,0.69,-0.45
198411,-2.66,-1.14,0.87
198412,2.55,2.56,2.23
198501,10.99,8.38,5.96
198502,1.6,1.83,2.18
198503,-1.65,-0.68,2.09
198504,-1.89,-0.64,1.87
198505,5.66,6.68,5.04
198506,1.51,1.98,1.56
198507,0.59,-0.48,-1.2
198508,-1.61,-0.06,0.76
198509,-4.38,-2.93,-4.35
198510,3.88,5.14,5.28
198511,8.88,6.66,4.91
198512,5.65,3.7,4.3
198601,1,0.56,1.65
198602,7.91,8.1,6.87
198603,5.94,5.75,4.43
198604,0.79,-1.35,-2.93
198605,5.14,5.49,4.91
198606,1.57,1.13,2.52
198607,-7.66,-5.66,-2.94
198608,4.44,7.88,8.99
198609,-9.83,-7.07,-6.97
198610,5.43,5.04,5.14
198611,1.79,1.83,1.4
198612,-2.55,-2.96,-2.83
198701,13.72,12.97,10.82
198702,7.73,3.83,0.46
198703,1.63,2.32,2.68
198704,-1.94,-1.19,-1.7
198705,1.26,-0.16,0.7
198706,4.28,5.18,4.6
198707,5.16,3.47,3.93
198708,4.46,4.26,2.79
198709,-2,-2.19,-2.41
198710,-24.25,-21.14,-20.33
198711,-8.58,-7.41,-5.55
198712,9.18,6.45,4.85
198801,2.08,5.56,7.88
198802,5.73,4.96,3.83
198803,-2.38,-2.4,-0.74
198804,-0.42,2.07,1.65
198805,-0.33,0.35,1.83
198806,5.08,5.79,4.21
198807,-1.65,-0.28,0.24
198808,-3.01,-3,-1.37
198809,4.81,3.43,3.5
198810,1.82,1.72,2.68
198811,-1.9,-1.94,-0.67
198812,2.91,1.81,1.05
198901,6.79,6.36,6.82
198902,-2.05,-1.78,-1
198903,2.52,1.79,2.71
198904,5.88,4.73,4.01
198905,4.77,3.61,3.95
198906,-1.17,-0.4,0.33
198907,10.05,6.81,5.77
198908,1.25,2.84,2.61
198909,0.61,-0.72,-0.03
198910,-1.79,-4.13,-2.64
198911,2.21,1.54,0.92
198912,1.55,2.1,2.23
199001,-7.7,-6.5,-7.19
199002,0.63,2.24,2.51
199003,4.16,1.63,0.67
199004,-1.11,-3.45,-4.48
199005,10.59,8.38,7.13
199006,1.28,-2.14,-1.39
199007,-1.54,-0.41,-2.01
199008,-10.12,-8.35,-10.15
199009,-6.09,-4.15,-6.66
199010,-0.11,-2.26,-0.26
199011,7.48,6.78,5.15
199012,3.78,2.5,2.08
199101,6.53,3.68,4.8
199102,8.08,6.86,7.74
199103,4.3,1.49,3.36
199104,-0.28,0.85,0.52
199105,4.64,3.09,4.8
199106,-4.9,-4.21,-3.74
199107,5.34,3.98,3.86
199108,3.43,1.93,2.37
199109,-1.97,0.09,-1.72
199110,1.6,1.76,1.8
199111,-2.66,-4.44,-5.6
199112,14.14,7.57,8.72
199201,-1.59,-0.67,5.32
199202,0.41,0.97,6.9
199203,-3.03,-1.28,-1.02
199204,-0.23,4.19,3.04
199205,0.78,0.5,0.73
199206,-2.75,-1.35,0.06
199207,4.2,4.54,2.36
199208,-1.4,-2.09,-4.53
199209,1.61,0.99,1.26
199210,2.55,-0.64,1.04
199211,5,2.88,4.91
199212,0.86,2.25,3.66
199301,-0.9,1.71,5.59
199302,-2.66,3.75,2.74
199303,1.81,3.05,2.88
199304,-4.91,-1.03,-1.22
199305,4.23,2.44,1.13
199306,-0.87,1.14,3.1
199307,-2.04,1.18,1.73
199308,3.63,4.16,3.36
199309,-0.34,0.65,-0.47
199310,3.07,-0.01,1.33
199311,-0.4,-2.65,-1.59
199312,1.51,1.97,2.44
199401,2,4.34,3.34
199402,-1.54,-2.68,-3.92
199403,-4.85,-3.91,-4
199404,0.26,1.88,1.54
199405,1.08,1.49,-0.62
199406,-3.21,-2.12,-2.29
199407,2.89,3.11,3.85
199408,6.04,3.18,2.72
199409,-0.98,-2.9,-3.14
199410,2.16,2.2,-0.18
199411,-3.03,-4.35,-3.14
199412,1.32,1.31,1.27
199501,1.84,2.59,3
199502,3.98,4.03,4.09
199503,2.93,3.04,0.68
199504,1.98,3.06,3.42
199505,3.29,3.42,4.84
199506,4.24,2.08,1.68
199507,4.36,4.15,3
199508,0.23,1.37,2.53
199509,4.6,3.14,3.49
199510,-0.14,-1.69,-2.18
199511,3.94,5.05,4.12
199512,0.41,2.5,2.64
199601,2.78,2.84,2.5
199602,2.23,1.77,0.18
199603,0.36,1.67,2.17
199604,3.44,1.59,0
199605,4.01,1.3,2.29
199606,-0.58,-0.42,-0.4
199607,-6.23,-4.01,-5.25
199608,2.44,3.95,3.65
199609,6.63,4.43,1.87
199610,0.23,3.11,3.53
199611,6.84,7.55,5.4
199612,-1.57,-0.95,-0.44
199701,6.46,4.94,3.03
199702,-0.42,0.36,1.92
199703,-5.71,-2.67,-3.96
199704,6.06,4.03,1.33
199705,7.52,6.28,6.26
199706,4.12,4.76,3.46
199707,7.56,8.44,6.64
199708,-5.15,-2.8,-1.4
199709,5.36,6.23,5.97
199710,-3.64,-3.16,-2.61
199711,4.28,2.87,2.77
199712,0.77,2.76,3.96
199801,2.74,-1.91,-0.82
199802,7.33,7.79,6.68
199803,4.62,5.41,6.48
199804,1.1,1.65,0.61
199805,-2.93,-2.44,0.29
199806,5.48,1.67,1.54
199807,-0.85,-3.7,-4.32
199808,-15.07,-17.43,-12.36
199809,7.72,4.12,5.45
199810,8.13,7.35,4.55
199811,7.21,5.67,4.03
199812,8.6,2.02,3.08
199901,5.65,-0.41,-0.84
199902,-4.41,-2.03,-3
199903,4.06,3.22,0.63
199904,2.03,9.52,8.08
199905,-2.41,-0.52,0.45
199906,6.8,3.02,-0.11
199907,-3.05,-3.18,-2.24
199908,-0.36,-2.7,-2.37
199909,-1.85,-5,-4.16
199910,6.97,4.88,2.84
199911,4.43,-2.04,-0.75
199912,8.37,1.89,2.76
200001,-4.73,-3.09,-2.98
200002,2.33,-3.07,-2.39
200003,7.55,9.72,7.82
200004,-4.76,-1.13,1.95
200005,-3.7,0.87,-1.18
200006,5.37,-4.04,-2.12
200007,-3.2,3.15,3.99
200008,7.58,8.08,7
200009,-6.18,1.76,0.87
200010,-2.44,0.69,0.26
200011,-10.97,-3.15,-0.5
200012,-0.26,9.29,6.94
200101,4.02,1.48,0.31
200102,-11.63,-0.46,2.65
200103,-8.16,-1.71,-1.6
200104,9.02,5.22,5.24
200105,0.51,2.22,4.33
200106,-1.78,-0.98,-0.93
200107,-2.03,-1.69,0.55
200108,-7.01,-3.8,-5.36
200109,-8.65,-9.41,-9.29
200110,3.63,1.25,-2.02
200111,8.3,6.02,9.73
200112,0.89,3.44,2.76
200201,-0.99,-1.62,-0.64
200202,-2.74,-0.07,-1.98
200203,3.82,5.47,6.32
200204,-6.86,-0.95,-3.24
200205,-1.58,-0.41,-0.96
200206,-7.35,-6.08,-7.33
200207,-6.42,-9.96,-13.28
200208,0.22,0.73,3.77
200209,-10.6,-9.95,-9.48
200210,9.56,6.28,3
200211,5.44,6.56,8
200212,-6.45,-4.52,-4.13
200301,-2.68,-2.29,-4.61
200302,-1.17,-3.12,-4.04
200303,1.72,0.14,-0.25
200304,7.86,9.04,9.54
200305,5.35,7.49,8.5
200306,1.27,1.51,1.85
200307,2.55,2.29,1.33
200308,1.97,2.59,4.26
200309,-0.82,-1.88,-1.11
200310,5.34,7.61,6.94
200311,0.95,2.03,2.51
200312,4.09,4.52,6.01
200401,1.7,2.43,3.42
200402,1.2,2.15,1.55
200403,-1.72,-0.35,-0.95
200404,-0.88,-3.2,-2.53
200405,1.43,0.81,1.12
200406,1.32,2.54,3.17
200407,-5.26,-2.17,-1.86
200408,-0.31,0.75,0.6
200409,0.79,2.54,3.04
200410,1.88,1.01,1.77
200411,3.84,5.69,6.15
200412,4.05,2.55,3.73
200501,-3.2,-1.96,-1.39
200502,0.8,4.04,3.27
200503,-1.4,-2.77,-0.27
200504,-1.69,-3.27,-2.89
200505,4.16,3.36,3.63
200506,-0.76,2.26,2.95
200507,4.79,3.03,4.46
200508,-1.75,-0.21,-0.11
200509,-0.13,1.61,1.87
200510,-0.6,-2.71,-2.78
200511,4.39,3.92,2.46
200512,-0.66,0.9,0.34
200601,1.89,4.64,4.97
200602,0.3,0.25,-0.99
200603,1.88,1.98,1.33
200604,-0.33,2.16,3.23
200605,-3.52,-2.9,-1.64
200606,-0.33,0.04,1.61
200607,-1.67,0.8,1.08
200608,3.55,1.75,1.03
200609,2.58,2.15,1.64
200610,3.35,3.28,4.95
200611,1.5,2.73,2.15
200612,0.34,1.72,2.72
200701,2.28,1.15,1.98
200702,-1.84,-1.45,-1.25
200703,0.7,1.35,1.88
200704,4.65,3.68,3.19
200705,3.09,4.06,3.84
200706,-1.15,-1.9,-2.19
200707,-1.85,-4.46,-5.07
200708,1.61,2.3,-0.53
200709,4.38,2.6,2.82
200710,3.22,0.86,1.67
200711,-3.76,-5.33,-4.97
200712,-0.37,-1.51,0.4
200801,-7.3,-4.58,-4.68
200802,-2.57,-3.75,-2.96
200803,0.44,-2.54,-0.29
200804,4.04,5.08,5.54
200805,2.43,0.49,3.17
200806,-7.39,-9.59,-9.02
200807,-0.69,-2.3,4.07
200808,1.65,1.2,1.89
200809,-9.66,-9.55,-5.02
200810,-15.46,-17.31,-22.15
200811,-6.39,-7.26,-13.82
200812,2.35,1.16,0.9
200901,-4.97,-10.34,-15.88
200902,-7.4,-12.56,-15.52
200903,8.2,9.49,11.06
200904,7.86,11.75,16.55
200905,4.22,6.03,5.72
200906,1.63,-1.59,0.53
200907,6.84,8.7,9.72
200908,1.83,3.81,8.94
200909,3.79,4.21,5.82
200910,-0.89,-3.1,-7.19
200911,6.42,4.56,4.44
200912,2.22,3.3,4.27
201001,-3.99,-2.5,-3.44
201002,3.16,3.24,5.25
201003,5.49,6.74,8.04
201004,1.12,2.61,3.87
201005,-7.4,-8.21,-8.66
201006,-4.77,-5.46,-8.96
201007,6.85,7.46,6.26
201008,-4.22,-4.83,-6.01
201009,10.27,9.16,7.76
201010,4.72,3.46,1.55
201011,0.75,0.76,-0.35
201012,5.04,8.13,9.51
201101,1.75,2.54,2.18
201102,2.69,4.2,5
201103,0.26,1.47,-0.93
201104,3.78,2.27,1.59
201105,-0.56,-1.73,-2.71
201106,-1.48,-1.96,-1.75
201107,-1.01,-3.03,-3.87
201108,-4.55,-7.31,-7.05
201109,-6.73,-8.04,-8.66
201110,10.56,12.84,11.09
201111,-0.26,0.79,-1.72
201112,-0.29,1.91,1.5
201201,6.2,3.89,4.02
201202,4.51,3.75,5.06
201203,3.89,1.6,3.52
201204,-0.6,-0.8,-1.21
201205,-5.94,-6.17,-6.46
201206,3.17,4.27,5.14
201207,1.04,1.04,-0.4
201208,2.73,1.89,3.58
201209,1.78,3.32,4.16
201210,-2.94,-1.49,1.71
201211,1.55,0.08,-0.71
201212,-0.01,1.38,4.61
201301,4.69,5.74,7.27
201302,1.19,1.52,1.45
201303,3.79,4.16,4.15
201304,1.69,1.28,1.8
201305,2.26,2.29,5.21
201306,-1.92,-0.11,-1.66
201307,5.64,5.1,6.57
201308,-1.67,-3.22,-4.18
201309,4.33,3.29,2.8
201310,4.3,4,4.28
201311,3.31,2.62,3.67
201312,2.38,3.37,1.9
201401,-3.1,-3.64,-3.71
201402,4.93,4.69,3.52
201403,-1.07,1.39,3.74
201404,-0.13,0.52,-0.65
201405,2.36,1.92,1.19
201406,2.04,2.62,3.49
201407,-1.91,-1.68,-2.52
201408,4.87,3.54,3.89
201409,-1.2,-2.5,-2.68
201410,3,2.25,1.42
201411,3.61,2.69,-0.27
201412,-1.09,0.36,1.61
201501,-1.54,-3.85,-5.55
201502,6.45,6.38,4.92
201503,-1.08,-1.2,-1.46
201504,0.04,0.78,1.82
201505,1.56,1.56,0.28
201506,-1.42,-1.78,-1.53
201507,3.03,0.73,-0.78
201508,-6.5,-5.52,-5.75
201509,-2.45,-3.32,-3.53
201510,8.08,8.32,6.06
201511,0.96,-0.22,1.43
201512,-1.57,-2.55,-3.3
201601,-6.09,-5.14,-6.29
201602,-0.06,0.61,-1.45
201603,6.58,6.89,8.22
,,,
,,,
  Equal Weighted Returns -- Monthly,,,
,Lo 30,Med 40,Hi 30
192607,2.76,1.12,0.37
192608,1.26,1.54,5.64
192609,-1.61,-0.36,0.11
192610,-3.43,-3.31,-2.82
192611,2.03,3.24,2.82
192612,3.05,2.04,1.81
192701,-0.19,-0.53,4.03
192702,4.51,4.78,8.63
192703,-0.91,-1.34,-3.29
192704,0.42,0.05,2.9
192705,4.75,4.93,10.32
192706,-2.26,-1.77,-1.49
192707,7.05,6.61,5.08
192708,2.51,-0.34,-0.66
192709,3.7,3.19,2.52
192710,-1.57,-2.8,-7.31
192711,9.14,8.67,10.91
192712,3.87,3.27,3.51
192801,1.71,2,4.74
192802,-2.37,-1.39,-3.43
192803,8.47,6.72,8.12
192804,3.79,7.75,11.52
192805,3.21,3.1,3.84
192806,-5.69,-6.38,-7.53
192807,0.48,0.15,-0.44
192808,7.98,5.56,4.35
192809,5.01,3.41,7.87
192810,1.94,1.72,1.42
192811,10.51,12.13,11.81
192812,1.08,-0.26,-2.12
192901,4.28,2.28,3.13
192902,-0.05,1.1,0.47
192903,-3.69,-1.77,-3.49
192904,1.33,1.9,0.49
192905,-7.5,-7.98,-11.63
192906,9.86,8.29,5.74
192907,1.7,1.29,2.57
192908,2.98,3.44,0.63
192909,-3.82,-3.83,-5.17
192910,-23.98,-17.91,-17.01
192911,-14.45,-10.13,-12.19
192912,-0.26,-3.47,-2.92
193001,8.36,10,11.14
193002,3.51,1.87,3.55
193003,8.33,9.34,13.59
193004,-4.63,-3.71,-6.53
193005,-2.42,-3.01,-4.87
193006,-18.84,-17.29,-17.6
193007,5.08,3.7,2.82
193008,-0.65,-1.94,-3.4
193009,-13.29,-13.62,-18.66
193010,-11.01,-9.41,-8.84
193011,-0.1,-2.24,-3.15
193012,-9.2,-12.45,-19.04
193101,8.16,11.63,21.47
193102,14.19,13.15,20.71
193103,-5.52,-6.6,-5.57
193104,-12.65,-15.18,-17.02
193105,-12.9,-13.7,-15.91
193106,15.16,15.96,24.73
193107,-5.9,-8.75,-5.41
193108,-0.32,-0.91,-3.85
193109,-28.73,-30.41,-32.09
193110,9.07,9.09,10.9
193111,-7.46,-9.98,-9.26
193112,-13.13,-18.27,-23.84
193201,0.47,6.69,16.05
193202,2.92,2.29,0.9
193203,-10.94,-13.27,-11.05
193204,-18.93,-17.4,-17.69
193205,-21.67,-23.85,-14.87
193206,3.44,4.37,3.71
193207,29.51,39.9,63.64
193208,36.5,61.24,93.22
193209,-1.54,-3.57,-11.3
193210,-10.76,-18.34,-21.04
193211,-2.71,-7.43,-10.04
193212,1.37,-2.51,-9.33
193301,4.13,2.59,6.66
193302,-14.7,-17.12,-16.24
193303,5.62,10.95,15.44
193304,35.75,57.66,60.68
193305,32.31,57.81,87.54
193306,12.18,23.79,27.92
193307,-10.23,-12.49,-5.49
193308,12.94,13.16,8.71
193309,-9.95,-13.99,-20.14
193310,-7.13,-10.9,-13.58
193311,6.72,7.19,7.6
193312,2.13,2.3,1.94
193401,19.55,30.28,42.88
193402,-1.36,1.33,3.92
193403,1.11,1.1,-1.06
193404,-0.01,-0.38,0.01
193405,-7.55,-10.28,-14.41
193406,2.22,0.53,-1.07
193407,-12.87,-18.16,-24.47
193408,7.59,9.05,12.62
193409,-0.82,-0.57,-2.35
193410,0.61,-1.69,-5.57
193411,13.62,13.88,12.95
193412,2.21,1.88,-0.28
193501,-4.05,-2.9,-3.34
193502,-1.43,-4.44,-9.54
193503,-5,-6.85,-10.89
193504,8.83,9.42,11.35
193505,0.62,3.15,3.05
193506,5.43,5.14,1.6
193507,7.35,10.87,13.32
193508,1.92,5.9,14.99
193509,3.28,4.16,-0.07
193510,7.31,10.07,7.24
193511,6.37,8.84,28.01
193512,4.23,7.74,5.31
193601,6.59,10.15,26.44
193602,2.16,6.28,5.62
193603,1.22,1.48,-0.21
193604,-8.82,-12.01,-16.01
193605,3.79,4.81,7.88
193606,0.95,0.75,-2.32
193607,7.09,7.79,8.5
193608,0.45,2.21,3.96
193609,2.32,3.3,4.72
193610,4.65,7.47,8.38
193611,7.5,7.71,12.35
193612,0.31,2.45,4.73
193701,4.65,6.95,10.11
193702,1.05,1.02,6.96
193703,-2.02,-0.71,3.1
193704,-7.94,-9.38,-12.99
193705,-0.78,-2.23,-3.74
193706,-5.45,-6.86,-10.76
193707,9.8,9.62,10.28
193708,-3.99,-5.01,-6.86
193709,-18.13,-18.62,-21.74
193710,-10.11,-9.74,-10.42
193711,-9.99,-10.92,-12.4
193712,-8.36,-10.06,-12.18
193801,2.76,5.31,4.42
193802,8.04,6.36,4.55
193803,-27.09,-27.75,-31.76
193804,20.12,20.02,21.45
193805,-7.31,-7.22,-6.37
193806,31.98,31.36,30.35
193807,10.34,12.7,14.6
193808,-3.06,-5.22,-10
193809,-0.48,-1.51,-2.24
193810,11.08,14.07,17.65
193811,-1.58,-1.77,-7.17
193812,4.36,3.11,1.68
193901,-6.67,-7.83,-8.61
193902,3.52,4.3,5.38
193903,-13.69,-17.27,-21.29
193904,-0.28,-0.22,1.19
193905,8.42,8.73,8.66
193906,-6.44,-8.18,-11.18
193907,13.79,13.73,13.71
193908,-10.23,-10.38,-11.09
193909,23.14,32.77,66.5
193910,2.07,-0.4,-3.62
193911,-5.09,-6.71,-13.32
193912,3.55,2.37,-0.76
194001,-2.01,-1.84,-2.6
194002,2.04,3.26,4.33
194003,3.07,1.87,2.92
194004,0.5,1.2,3.03
194005,-25.66,-25.97,-30.12
194006,5.95,6.43,7.67
194007,4.09,3.95,2.93
194008,1.62,3.25,2.01
194009,4.31,3.98,3.81
194010,2.94,6.22,5.33
194011,-0.45,0.32,0.19
194012,-0.3,-1.21,-3.17
194101,-4.4,-2.9,3.56
194102,-2.27,-1.64,-2.47
194103,0.16,0.8,3.16
194104,-6.96,-5.66,-3.8
194105,1.54,1.15,0.84
194106,5.48,6.6,8.27
194107,7.95,10.65,21.43
194108,-0.39,-0.98,-0.33
194109,-1.53,-1.88,-2.57
194110,-5.7,-6.16,-6.16
194111,-1.92,-3.56,-4.17
194112,-5.3,-6.89,-12.68
194201,3.15,9.66,23.68
194202,-2.25,-1.28,-1.61
194203,-4.87,-4.71,-5.32
194204,-5.36,-4.53,-3.96
194205,3.8,3.49,1.17
194206,3.34,1.54,3.1
194207,4.12,4.25,5.53
194208,2.38,2.2,3.47
194209,2.67,3.32,8.25
194210,6.77,8.32,13.92
194211,0.15,-0.73,-4.09
194212,4.7,4.26,1.51
194301,8.17,12.8,28.14
194302,6.82,9.09,21.06
194303,7.81,10.61,15.69
194304,-0.28,2.48,8.26
194305,5.13,7.13,12.71
194306,1.61,1.65,0.73
194307,-5.02,-6.22,-7.97
194308,0.83,0.7,-0.56
194309,2.4,3.39,5.11
194310,-1.11,-0.21,0.56
194311,-6.8,-7.83,-12.32
194312,7.32,9.69,12.76
194401,2.93,3.84,6.51
194402,0.62,0.78,3.42
194403,2.2,3.93,6.44
194404,-2.15,-2.78,-3.71
194405,5.12,7.35,7.38
194406,7.99,10.21,13.22
194407,-0.64,-1.38,-1.28
194408,2.69,3.6,2.65
194409,0.48,-0.05,0.09
194410,-0.31,0.51,-0.22
194411,1.18,2.91,2.99
194412,4.38,6.32,10.99
194501,3.49,4.7,4.9
194502,6.13,8.32,11.03
194503,-4.07,-5.73,-7.2
194504,7.65,8.91,9.74
194505,2.31,2.58,4.29
194506,0.86,2.27,7.7
194507,-2.71,-3.11,-4.97
194508,8.02,7.56,4.27
194509,5.46,6.51,6.87
194510,5.19,7.05,7.44
194511,7.83,9.32,11.77
194512,2.42,3.03,2.02
194601,7.58,8.54,11.62
194602,-6.04,-6.46,-7.14
194603,6.14,6.72,4.97
194604,4.06,6.73,5.1
194605,5.32,5.46,6.19
194606,-4.84,-4.75,-5.16
194607,-4.11,-3.58,-4.71
194608,-7.32,-7.51,-7.69
194609,-12.17,-12.94,-15.25
194610,-2.67,-1.27,0.16
194611,-0.84,-0.34,0.67
194612,5.21,5.41,3.74
194701,2.76,2.4,4.12
194702,-1.11,-0.67,0.28
194703,-2.75,-3.17,-2.89
194704,-8.27,-7.8,-8.64
194705,-4.15,-3.42,-4.06
194706,5.69,5.78,6.15
194707,4.81,6.12,7.77
194708,-1.61,-1.91,-1.53
194709,-0.15,0.46,1.65
194710,3.37,3.98,3.03
194711,-3.62,-2.66,-2.65
194712,1.92,1.26,3.98
194801,-2.58,-2.36,-0.28
194802,-5.85,-5.92,-6.08
194803,8.04,9.13,11.64
194804,2.67,3.47,5.47
194805,8.64,9.03,8.6
194806,-2.01,-2,-0.35
194807,-5.3,-5.46,-4.93
194808,-0.46,-0.04,-0.12
194809,-3.43,-4.05,-5.22
194810,4.94,5.25,5.65
194811,-9.25,-10.43,-12.37
194812,3.16,0.46,0.51
194901,1.24,1.84,2.7
194902,-3.52,-3.9,-4.84
194903,5.42,5.29,7.21
194904,-2.41,-3.15,-3.75
194905,-3.24,-4.01,-5.77
194906,-0.1,-0.61,-1.64
194907,6.09,6.64,6.01
194908,2.53,2.64,2.2
194909,4.03,4.05,4.86
194910,3.7,3.82,4.32
194911,1.28,1,0.46
194912,6.33,6.4,8.88
195001,2.91,3.76,5.17
195002,1.52,2.29,0.96
195003,1.03,-0.61,-1.02
195004,3.58,4.54,7
195005,3.13,3.19,3.7
195006,-7.08,-7.29,-8.46
195007,-1.45,4.23,12.75
195008,4.94,5.35,4.61
195009,6,5.43,5.29
195010,-0.95,-0.61,0.23
195011,2.23,2.53,5.41
195012,4.3,8.22,12.77
195101,6.26,7.12,9.79
195102,1.86,1.55,-0.03
195103,-1.33,-3.59,-5.45
195104,3.06,3.96,5.58
195105,-1.92,-2.22,-3.31
195106,-2.42,-4.41,-6.96
195107,6.51,5.77,6.72
195108,4.32,5.02,4.77
195109,1.46,2.32,2.84
195110,-2.62,-2.04,-2.91
195111,0.96,0.9,0.44
195112,2.54,1.67,0.4
195201,1.89,1.75,1.67
195202,-1.86,-2.27,-1.91
195203,2.43,2.87,3.66
195204,-4.69,-4.55,-4.06
195205,2.37,2.38,2.47
195206,2.6,2.93,3.74
195207,1.1,1.42,0.41
195208,-0.16,0.5,-0.3
195209,-1.33,-1.19,-1.92
195210,-1.03,-1.03,-1.38
195211,5.23,5.71,5.94
195212,2.52,1.93,2.08
195301,0.96,2.74,3.38
195302,0.8,1.46,1.19
195303,-0.59,-1.52,-1.37
195304,-2.91,-2.26,-1.68
195305,0.54,0.59,0.87
195306,-2.6,-3.27,-3.8
195307,1.94,1.57,1.7
195308,-3.54,-5.15,-6.59
195309,0.3,-0.58,-2.87
195310,4.02,3.96,3.01
195311,2.93,2.31,1.35
195312,0.19,-1.12,-3.61
195401,5.35,6.82,9.16
195402,1.38,1.62,0.85
195403,3.61,2.98,1.82
195404,2.11,1.93,0.34
195405,3.29,4.18,5.02
195406,1.2,1.21,1.41
195407,5.48,6.82,9.6
195408,-1.74,-0.5,-0.77
195409,4.09,4.89,4.46
195410,-1.36,-0.3,-0.56
195411,7.96,9.26,9.58
195412,5.09,8.81,12.73
195501,0.46,1.66,2.35
195502,3.76,4.43,4.73
195503,-0.4,-0.35,1.13
195504,2.63,2.16,2.48
195505,0.99,0.61,0.65
195506,3.45,4.21,3.1
195507,0.01,0.87,1.65
195508,1.26,0.55,-0.01
195509,-1.32,-0.69,-0.25
195510,-1.91,-1.59,-1.44
195511,6.47,5,5.15
195512,2.58,2.4,1.81
195601,-2.6,-2.02,-1.72
195602,3.82,3.39,2.83
195603,5.79,4.84,4.99
195604,0.24,0.33,0.33
195605,-3.57,-3.83,-4.75
195606,2.86,2.49,1.13
195607,4.38,4.07,3.34
195608,-2.02,-1.63,-1.91
195609,-4.92,-3.61,-2.16
195610,0.43,0.9,0.8
195611,0.18,0.62,0.91
195612,2.98,2.43,1.47
195701,-1.12,-0.22,2.08
195702,-1.69,-2.58,-2.5
195703,2.2,2.47,2.06
195704,2.97,2.56,2.36
195705,3.29,1.82,1.46
195706,-1.08,-1.06,0.17
195707,0.32,0.62,0.61
195708,-5.76,-4.31,-5
195709,-6.01,-4.54,-5.4
195710,-5.54,-5.18,-8.55
195711,4.27,1.62,0.86
195712,-4,-4.18,-6.34
195801,7.86,9.99,14.3
195802,-1.42,-0.5,-1.36
195803,4.21,3.69,3.11
195804,2.86,2.13,4.73
195805,4,3.76,4.19
195806,2.89,3,3.58
195807,4.11,5.6,6.93
195808,2.3,2.71,4.05
195809,4.05,4.28,7.68
195810,3.68,3.05,3.49
195811,5.04,3.87,4.25
195812,4.37,3.74,3.59
195901,1.3,4.68,6.15
195902,2.43,3.17,2.62
195903,0.94,1.25,1.3
195904,2.93,2.72,2.43
195905,0.52,0.7,0.97
195906,0.46,0.39,0.95
195907,2.8,2.72,3.68
195908,-1.58,-1.17,-1.51
195909,-5.26,-4.32,-4.12
195910,3.2,2.29,0.82
195911,2.8,1.41,0.57
195912,2.17,2.11,2.41
196001,-5.41,-4.27,-2.05
196002,1.8,0.88,-0.02
196003,-1.1,-2.67,-3.49
196004,-0.42,-2.23,-3.07
196005,4.3,1.43,1.29
196006,2.62,2.16,1.84
196007,-3.37,-1.18,-1.47
196008,3.61,4.09,3.8
196009,-6.61,-5.45,-6.34
196010,-2.7,-1.75,-2.75
196011,6.46,4.62,2.87
196012,4.49,4.37,2.26
196101,6.38,8.08,10.22
196102,6.11,5.52,6.75
196103,4.54,4.51,5.45
196104,0.06,0.89,1.67
196105,4.25,4.33,4.57
196106,-4.37,-3.56,-4.7
196107,0.94,1.8,0.41
196108,3.27,1.64,1.42
196109,-2.49,-2.79,-3.37
196110,1.97,3.18,0.94
196111,4.84,5.03,4.41
196112,-1.98,0.2,0.58
196201,-3.72,-0.91,2.63
196202,1.39,1.15,1.98
196203,-0.76,-0.37,-0.66
196204,-6.95,-6.8,-6.55
196205,-10.96,-9.3,-9.43
196206,-9.99,-7.69,-7.64
196207,7.38,5.7,6.3
196208,3.3,2.9,2.37
196209,-6.46,-5.87,-5.66
196210,-2.67,-2.12,-1.9
196211,14.38,12.5,14.48
196212,-0.53,-0.38,-1.77
196301,6.17,7.11,10.28
196302,-2.48,-1.72,0.07
196303,1.44,1.96,2.58
196304,4.04,3.24,4.46
196305,1.84,2.78,5.24
196306,-1.1,-1.98,-1.54
196307,-0.47,-0.8,-1.02
196308,4.77,3.69,5.27
196309,-2.2,-0.53,-1.74
196310,1.59,1.37,2.12
196311,-1.89,-1.55,-0.45
196312,0,0.23,-0.31
196401,2.36,3.05,4.4
196402,1.61,2.56,3.91
196403,0.85,3.58,4.35
196404,-0.72,0.32,-0.77
196405,0.53,0.65,1.62
196406,1.16,1.22,1.5
196407,2.31,2.84,3.85
196408,-0.97,-0.26,-0.99
196409,3.55,3.78,4.21
196410,1.22,1.76,2.53
196411,0.38,0.1,-0.6
196412,-0.02,-1.34,-1.92
196501,6.56,6.11,8.18
196502,2.36,3.18,3.54
196503,0.49,0.39,2.26
196504,2.75,3.96,4.7
196505,-0.31,-0.55,-0.75
196506,-7.96,-8.17,-8.15
196507,2.17,3.18,3.77
196508,4.32,4.73,3.93
196509,3.05,3.18,3.76
196510,4.32,5.35,6.68
196511,3.3,4.21,5.74
196512,3.36,4.07,5.49
196601,3.6,5.45,7.77
196602,2.01,2.35,4.19
196603,-0.38,-1.89,-1.49
196604,4.05,3.96,5.11
196605,-6.91,-8.24,-9.99
196606,-1.27,-0.32,-0.11
196607,-1.68,-1.49,-1.08
196608,-10.29,-9.31,-10.18
196609,-1.92,-1.25,-1.51
196610,-1.6,0.18,-0.23
196611,6.47,3.29,2.39
196612,2.2,2.34,0.82
196701,15.63,16.44,18.12
196702,3.88,3.34,4.24
196703,5.43,5.59,5.8
196704,4.65,3.75,3.66
196705,-1.47,-0.79,-0.96
196706,6.8,7.85,8.11
196707,6.75,7.09,10.3
196708,-0.64,0.44,1.7
196709,5.96,5.79,5.51
196710,-1.71,-2.91,-2.15
196711,0.83,0.48,-0.99
196712,7.32,7.25,8.83
196801,-2.05,1.42,5.44
196802,-6.14,-4.75,-5.48
196803,-0.35,-1.13,-0.85
196804,14.42,12.38,15.22
196805,8.08,6.91,11.23
196806,0.21,2.48,2.02
196807,-5.28,-2.7,0.4
196808,3.09,3.13,4.63
196809,6.22,6.86,7.25
196810,-0.3,1.56,1.56
196811,7.38,7.27,6.74
196812,0.2,-0.35,0.09
196901,-1.27,-0.25,-0.18
196902,-9.48,-7.75,-7.62
196903,2.34,1.63,2.35
196904,0.73,0.5,0.64
196905,-0.11,0.93,0.11
196906,-11.5,-10.54,-10.79
196907,-10.51,-9.11,-7.62
196908,6.69,4.49,3.11
196909,-1.76,-3.18,-2.71
196910,11.34,9.17,7.09
196911,-5.76,-5.31,-6.16
196912,-6.72,-5.89,-6.93
197001,-5.19,-4.04,-2.23
197002,3.35,4.65,6.05
197003,-4.61,-0.72,-0.19
197004,-19.74,-14.49,-10.87
197005,-9.5,-8.67,-8.29
197006,-9.45,-6.7,-6.96
197007,5.85,6.5,5.6
197008,6.55,6.23,6.44
197009,16.77,10.41,10.77
197010,-6.54,-6.06,-5.61
197011,-0.1,1.25,0.84
197012,6.82,9.15,9.64
197101,11.77,13.48,15.18
197102,5.51,3.86,3.94
197103,7.12,5.18,4.91
197104,2.88,2.62,3.04
197105,-4.46,-5.49,-5.27
197106,-0.8,-1.29,-2.83
197107,-6.23,-5.45,-5.6
197108,4.98,3.32,5.5
197109,0.54,-0.86,-1.63
197110,-5.94,-5.04,-6.28
197111,-2.24,-2.86,-4.54
197112,12.61,11.34,12.61
197201,7.42,8.38,14.28
197202,5.2,3.29,4.25
197203,1.17,-0.36,-0.48
197204,-0.28,-0.03,1.02
197205,-0.84,-2.09,-2.59
197206,-3.19,-3.24,-4.07
197207,-3.82,-2.83,-2.33
197208,0.05,1.97,2.25
197209,-3.11,-3.15,-3.28
197210,-1.89,-0.44,-1.98
197211,4.1,5.62,5.9
197212,-0.64,-2.43,-2.84
197301,-6.85,-4.13,-1.7
197302,-9.06,-7.09,-6.05
197303,-4.29,-2.42,-1.35
197304,-10.55,-6.14,-5.1
197305,-8.87,-7.66,-8.08
197306,-4.78,-3.05,-2.18
197307,16.41,10.91,9.61
197308,-4.06,-5.05,-4.11
197309,10.41,8.92,6.62
197310,-2.06,0.57,1.28
197311,-21.09,-17.49,-16.67
197312,-2.96,-3.16,-4.23
197401,9.28,13.68,18.21
197402,-0.59,1.23,1.88
197403,0.12,-0.01,2.07
197404,-6.33,-5.75,-3.85
197405,-7.37,-7.03,-6.23
197406,-3.34,-3,-1.8
197407,-7.43,-3.96,-3.52
197408,-9.9,-7.7,-7.06
197409,-11.34,-6.69,-7.34
197410,16.71,8.18,7.73
197411,-4.98,-4.29,-6.2
197412,-6.68,-6.22,-9.7
197501,25.27,29.62,35.66
197502,7.56,3.65,4.83
197503,8.48,8.05,10.75
197504,6.46,3.26,2.43
197505,9.21,7.52,7.19
197506,7.08,7.97,8.81
197507,-3.44,-1.39,0.81
197508,-4.89,-3.9,-6.08
197509,-4.48,-3.09,-3.55
197510,2.61,3.01,0.83
197511,1.88,2.17,2.64
197512,-1.08,-0.24,-0.28
197601,14.26,19.21,25
197602,5.63,8.84,18.16
197603,1.63,2.33,2.29
197604,-0.77,-1.04,-0.88
197605,-1.11,-1.84,-3.54
197606,3.68,3.48,2.38
197607,-0.82,0.35,0.58
197608,-2.86,-1.06,-1.71
197609,2.02,1.86,1.23
197610,-2.56,-2.03,-2.51
197611,2.6,2.61,2.41
197612,9.43,9.68,11.18
197701,0.55,2.9,5.49
197702,-0.75,-0.73,1.03
197703,0.46,0.82,1.36
197704,0.85,1.52,2.59
197705,-0.62,0.14,1.03
197706,5.8,5.61,5.8
197707,0.17,0.54,1.63
197708,0.2,-0.86,-1.25
197709,1.41,1.22,1.1
197710,-3.44,-2.37,-1.82
197711,7.52,6.94,7.55
197712,2.22,1.82,2.08
197801,-3.39,-2.39,0.67
197802,1.21,2.32,3.36
197803,6.29,6.7,7.36
197804,9.57,7.53,8.12
197805,6.57,6.63,7.85
197806,-0.13,0.85,1.25
197807,6.39,5.07,4.84
197808,9.14,8.97,9.92
197809,-0.71,-0.03,1.29
197810,-20.94,-17.29,-18.43
197811,6.43,4.56,3.35
197812,2.17,1.74,0.3
197901,8.94,8.83,11.12
197902,-3.18,-2.21,-1.47
197903,10.34,7.7,7.59
197904,2.16,2.43,3.25
197905,-1.93,-0.53,0.89
197906,6.24,5.33,4.84
197907,2.05,2.87,2.38
197908,8.87,7.01,6.98
197909,0.01,-0.41,-0.52
197910,-9.57,-9.52,-9.7
197911,9.26,6.16,4.6
197912,8.79,5.25,5.19
198001,10.63,8.71,9.82
198002,-0.3,-2.07,-1.46
198003,-17.84,-14.74,-15.08
198004,5.24,6,4.54
198005,7.38,7.5,7.03
198006,4.59,3.82,4.04
198007,12.28,8.84,7.34
198008,8.92,5.96,5.26
198009,6.21,3.89,3.29
198010,6.06,2.59,2.57
198011,12.07,4.87,1.96
198012,-4.47,-2.48,-2.26
198101,-2.47,1.09,3.45
198102,-0.47,1.63,1.82
198103,7.12,8.66,7.96
198104,2.19,3.25,4.05
198105,3.33,3.07,2.88
198106,-4.06,1.58,1.77
198107,-2.71,-2.47,-1.35
198108,-10.35,-6.07,-4.72
198109,-10.96,-6.98,-5.92
198110,9.91,6.47,4.57
198111,-0.26,3.7,2.99
198112,-3.21,-1.3,-1.55
198201,-2.97,-1.9,-0.15
198202,-7.29,-2.92,-0.72
198203,-2.25,-0.59,0.83
198204,6.18,5.13,4.72
198205,-3.26,-2.12,-1.21
198206,-5.2,-1.96,-0.9
198207,-2.77,-1.16,-0.55
198208,6.42,7.32,5.95
198209,1.45,4.5,4.24
198210,15.33,12.28,11.56
198211,8.68,9.47,10.41
198212,2.09,2.72,2.4
198301,13.96,8.23,7.89
198302,3.6,6.5,7.59
198303,3.41,6.24,6.42
198304,7.37,8.48,7.74
198305,11.11,7.29,8.06
198306,5.45,4.79,3.92
198307,-4.81,-0.52,1.17
198308,-4.84,-2.71,-1.33
198309,-0.96,1.25,1.75
198310,-8.58,-4.38,-2.54
198311,3.54,3.02,3.24
198312,-3.83,-1.42,0.15
198401,-2.08,1.01,3.03
198402,-7.12,-5.15,-3.67
198403,-0.5,1.46,2.34
198404,-2.73,-1.11,-1.25
198405,-5.82,-4.14,-3.58
198406,2.48,1.8,0.96
198407,-6.24,-4.03,-2.6
198408,10.7,9.21,8.25
198409,-2.21,0.58,2.09
198410,-3.28,-1.62,-0.89
198411,-5.47,-2.18,-1.35
198412,0.45,0.56,1.15
198501,15.24,11.62,8.65
198502,5.3,4.52,3.47
198503,-2.22,-1.67,0.79
198504,-2.64,-0.92,0.48
198505,2.52,3.22,2.32
198506,-0.26,0.67,2.17
198507,1.66,1.8,1.68
198508,-1.53,-0.09,-0.37
198509,-7.23,-4.72,-4.63
198510,1.58,2.73,1.56
198511,5.53,5.72,5.3
198512,3.06,3.59,2.16
198601,3.91,2.8,4.38
198602,6.39,6.41,6.16
198603,4.43,5.2,5.56
198604,1.73,0.92,0.8
198605,3.13,4.51,3.41
198606,0.3,0.11,2.05
198607,-9.58,-7.24,-5.84
198608,1.03,2.95,3.46
198609,-8.49,-5.16,-3.69
198610,3.65,2.89,1.63
198611,-0.99,-0.03,-0.29
198612,-4.59,-2.82,-2.86
198701,11.99,11.71,10.97
198702,9.64,6.97,6.01
198703,2.63,3.2,4.91
198704,-2.65,-1.83,-0.86
198705,-0.08,0.1,2.26
198706,2.4,3.38,3.19
198707,2.48,3.37,6.08
198708,1.17,2.49,1.81
198709,-2.14,-1.06,-0.87
198710,-31.26,-27.19,-25.67
198711,-7.21,-5.11,-4.22
198712,4.21,4.47,2.4
198801,7.84,6.95,8.22
198802,6.83,7.39,6.38
198803,3.21,4.13,3.94
198804,0.81,1.68,2.37
198805,-2.95,-1.15,-0.1
198806,5.37,6.38,4.56
198807,-0.84,0.13,0.1
198808,-3.28,-1.88,-1.15
198809,2.37,2.39,2.38
198810,-2.29,-0.78,-0.83
198811,-4.98,-3.54,-3.27
198812,2.43,3.33,2.01
198901,6.78,5.69,6.98
198902,0.52,0.69,0.61
198903,0.77,3.07,2.51
198904,3.67,3.51,3.53
198905,2.93,2.9,4.28
198906,-2.81,-0.98,0.56
198907,3.52,3.75,2.05
198908,1.49,2.31,1.6
198909,0.81,-0.54,0.49
198910,-4.32,-5.32,-5.11
198911,-0.82,-0.22,-2.27
198912,-1.17,-0.73,-1.08
199001,-6.65,-5.56,-4.67
199002,1.99,2.02,2.39
199003,3.93,3.01,2.18
199004,-1.66,-2.41,-3.28
199005,7.35,5.6,2.78
199006,1.67,0.49,-0.09
199007,-3.41,-3.1,-2.47
199008,-14.26,-11.19,-9.83
199009,-8.86,-7.72,-7
199010,-5.9,-5.29,-5.94
199011,6.04,5.01,2
199012,0.71,1.61,-1.17
199101,8.58,9.27,10.73
199102,14.3,11.7,13.55
199103,8.26,7.24,8.74
199104,3.15,3.25,2.87
199105,3.07,4.1,2.55
199106,-4.44,-3.35,-3.11
199107,3.7,3.14,3.79
199108,3.12,3.44,3.48
199109,1.91,0.42,-0.23
199110,3.22,2.38,1.86
199111,-1.9,-2.88,-2.66
199112,5.76,4.44,3.3
199201,14.87,10.88,20.84
199202,3.97,3.93,8.23
199203,-3.38,-0.66,0.94
199204,-5.63,-2.99,-1.98
199205,-0.7,0.72,1.7
199206,-6.56,-3.52,-3.08
199207,1.62,2.83,2.72
199208,-3.33,-2.09,-2.61
199209,1.43,1.68,1.17
199210,2.7,1.92,1.77
199211,8.45,6.73,7.17
199212,2.23,3.81,5.48
199301,4.86,5.71,8.34
199302,-5.2,0.71,1.34
199303,1.88,2.51,3.69
199304,-3.55,-1.7,-0.64
199305,5.23,3.73,4.19
199306,0.63,1.36,2.12
199307,-0.79,1.29,2.64
199308,4.57,4.38,2.89
199309,2.26,2.78,3.08
199310,4.27,3.1,4.26
199311,-2.95,-2.56,-1.25
199312,0.75,2.38,1.05
199401,4,4.37,7.04
199402,-1.59,0.27,0.11
199403,-5.89,-4.09,-3.13
199404,-2.91,-0.47,0.33
199405,-1.33,0.41,0.43
199406,-5.08,-2.22,-1.84
199407,0.97,1.53,1.91
199408,4.35,3.69,3.66
199409,0.65,0.52,1.27
199410,-0.06,0.61,-0.17
199411,-4.57,-3.94,-3.64
199412,-3.02,-0.06,-0.69
199501,3.1,3.13,3.89
199502,2.92,2.95,3.87
199503,2.1,1.6,1.39
199504,1.21,2.52,3.85
199505,1.27,2,3.1
199506,7.02,5.08,3.75
199507,6.72,5.14,5.07
199508,3.19,3.71,4.05
199509,2.98,2.4,3.07
199510,-5.53,-4.34,-3.26
199511,1.78,1.92,1.38
199512,-0.03,1.45,0.92
199601,2.5,2.71,3.73
199602,4.59,3.08,3.33
199603,2.6,3.24,2.76
199604,7.36,5.48,4.91
199605,7.18,6.37,6.8
199606,-5.6,-2.35,-1.27
199607,-12.44,-6.51,-5.83
199608,5.42,4.19,3.82
199609,3.55,2.9,2.26
199610,-5.35,-0.43,0.11
199611,1.1,4.11,3.12
199612,-2.3,0.75,0.02
199701,7.37,6.31,6.09
199702,-4.74,0.05,1.47
199703,-8.34,-3.47,-2.27
199704,-3.37,-0.76,-1.51
199705,11.24,8.97,6.58
199706,2.55,5.15,5.34
199707,4.12,6.02,5.17
199708,3.42,3.14,3.77
199709,8.82,8.1,8.79
199710,-4.08,-2.18,0.25
199711,-3.34,-1.61,-0.57
199712,-5.65,-1.5,-1.28
199801,1.76,0.36,1.64
199802,6.58,7.07,5.83
199803,4.66,5.01,5.4
199804,2.07,2.8,3
199805,-6.39,-3.95,-2.24
199806,-2.56,-2.75,-2.66
199807,-6.44,-6.42,-4.72
199808,-23.51,-19.24,-17.22
199809,6.8,4.07,1.25
199810,6.09,3.75,1.37
199811,10.5,5.99,7.51
199812,4.02,1.82,1.86
199901,8.28,4.81,7.47
199902,-6.45,-4.49,-4.21
199903,-1.32,-1.05,-2.58
199904,7.07,9.97,9.52
199905,3.26,3.76,4.91
199906,4.56,3.79,3.87
199907,-0.51,0.69,2.24
199908,-3.77,-3.22,-3.16
199909,-0.09,-1.9,-3.71
199910,1.43,-0.68,-1.79
199911,13.91,6.9,7.11
199912,13.59,6.44,4.98
200001,5.48,2.76,8.23
200002,17.93,8.45,12.54
200003,0,2.82,0.9
200004,-12.26,-5.11,-6.23
200005,-7.52,-3.84,-4.84
200006,10.2,5.19,5.38
200007,-6.57,0.84,1.05
200008,8.73,5.14,4.99
200009,-7.85,-1.32,-1.78
200010,-8.72,-3.11,-5.3
200011,-19.38,-6.54,-6.4
200012,-4.38,2.34,0.25
200101,33.51,17.29,18.8
200102,-15.2,-2.46,-0.24
200103,-11.8,-3.1,-2.91
200104,12.62,5.01,3.16
200105,5.76,6.41,8.68
200106,1.02,2.75,1.31
200107,-6.61,-2.59,-0.68
200108,-7.62,-2.6,-2.07
200109,-16.73,-11.57,-11.9
200110,12.91,6.69,5.35
200111,10.6,7.55,7.08
200112,6.79,6.61,5.89
200201,-3.26,2.17,5.97
200202,-7.51,-2.41,-1.98
200203,8.36,7.81,8.6
200204,-5.76,1.03,3.46
200205,-6.35,-2.13,0.61
200206,-10.89,-5.64,-4.74
200207,-13.06,-12.04,-10.83
200208,-0.33,0.97,0.21
200209,-9.9,-8.67,-7.98
200210,7.93,4.62,2.48
200211,15.24,11.98,11.27
200212,-8.48,-4.02,-3.18
200301,-0.14,-1.27,1.54
200302,-3.39,-2.32,-2.04
200303,2.1,0.49,0.71
200304,11.57,9.8,8.81
200305,17.08,12.83,12.56
200306,4.96,3.77,6.01
200307,7.18,6.71,8.1
200308,4.52,4.48,6.35
200309,0.86,0.74,5.01
200310,7.54,7.92,10.5
200311,2.58,3.79,5.12
200312,1.99,3.11,5.6
200401,5.59,5.16,9.29
200402,0.6,1.51,1.21
200403,-0.22,0.38,0.84
200404,-3.05,-2.99,-3.18
200405,-0.06,0.39,0.13
200406,1.99,2.88,3.18
200407,-9.52,-4.98,-3.41
200408,-2.37,-0.21,-1.32
200409,4.12,4.73,3.22
200410,2.74,1.86,1.25
200411,8.85,8,9.79
200412,7.09,4.63,5.92
200501,-4.96,-2.98,-1.66
200502,0.35,1.44,2.04
200503,-4.23,-2,-1.52
200504,-6.07,-5.26,-5.63
200505,6.37,4.84,3.73
200506,2.32,3.56,3.99
200507,6.98,6.54,6.3
200508,-1.91,-0.99,-0.16
200509,0.66,0.66,0.93
200510,-3.49,-2.68,-3.02
200511,3.87,4.11,2.91
200512,0.6,0.5,1.39
200601,8.52,7.81,6.8
200602,0.86,0.15,0.46
200603,3.92,4.25,4.59
200604,-0.51,0.77,2
200605,-6.81,-3.69,-3.19
200606,-1.42,-0.58,0.14
200607,-4.89,-2.66,-2.21
200608,2.88,2.1,1.64
200609,0.4,1.15,1.41
200610,5.65,4.74,4.34
200611,2.93,2.22,2.93
200612,0.12,1.28,2.6
200701,2.89,1.41,2.86
200702,0.09,-0.2,0.91
200703,0.56,0.48,-0.06
200704,3.34,1.56,1.87
200705,2.65,2.95,1.55
200706,-0.81,-0.94,-0.28
200707,-4.45,-5.02,-5.45
200708,-0.35,0.13,-2.8
200709,2.82,1.21,0.05
200710,2.95,0.36,-0.6
200711,-8.16,-7.87,-8.54
200712,-0.94,-1.47,-2.31
200801,-6.92,-4.49,-3.19
200802,-3.09,-2.47,-3.12
200803,-2.55,-1.78,-2.09
200804,3.68,2.24,1.3
200805,4.47,3.47,2.09
200806,-8.62,-9.74,-10.38
200807,1.08,1.48,0.36
200808,1.39,2.52,3.57
200809,-13.03,-10.08,-9.43
200810,-22.38,-20.44,-20.6
200811,-13.3,-13.27,-15.98
200812,4.44,4.27,0.68
200901,-1.59,-4.96,-6.48
200902,-9.65,-11.81,-13.94
200903,12.95,11.86,13.04
200904,19.99,20.82,24.32
200905,7.83,10.08,9.91
200906,5.31,2.04,2.97
200907,7.21,8.78,10.17
200908,2.76,4.28,10.84
200909,7.22,6.3,7.49
200910,-6.02,-5.83,-7.13
200911,2.39,1.83,1.47
200912,6.51,6.97,6.34
201001,-3.23,-2.02,2.76
201002,3.36,3.9,4.06
201003,6.79,7.75,8.98
201004,4.93,6.27,11.56
201005,-7.28,-7.57,-9.26
201006,-6.09,-7.19,-9.57
201007,6.14,6.21,5.18
201008,-6.06,-7.18,-6.95
201009,12.47,11.56,8.44
201010,4.63,4.66,3.4
201011,2.27,2.86,1.26
201012,8.21,7.99,8.8
201101,0.55,1.51,3.64
201102,3.74,4.14,4.61
201103,2,1.47,-0.09
201104,2.49,1.46,0.52
201105,-1.28,-2.19,-2.37
201106,-3.33,-1.82,-2.3
201107,-3.66,-2.27,-1.51
201108,-9.06,-9.77,-9.05
201109,-11.35,-11.13,-9.42
201110,13.93,14.18,8.57
201111,-2.42,-1.22,-0.7
201112,-1.05,0.51,0.97
201201,10.1,8.29,8.33
201202,4.1,2.68,4.77
201203,2.35,3.1,4.05
201204,-2.17,-1.74,-0.37
201205,-7.97,-7.53,-5.19
201206,3.92,3.72,3.71
201207,-0.55,-1.07,-1.29
201208,2.82,3.03,2.66
201209,3.99,3.66,3.66
201210,-3.92,-1.52,-0.31
201211,0.8,-0.18,0.68
201212,1.97,3.03,3.04
201301,6.76,6.85,8.34
201302,0.49,1.13,1.64
201303,4.91,4.07,4.09
201304,0.08,-0.09,-0.46
201305,4.76,4.59,4.82
201306,-1.06,0.04,-0.01
201307,7.27,6.94,7.59
201308,-1.68,-2.63,-2.03
201309,5.99,6.36,5.06
201310,1.09,3.51,3.48
201311,4.59,4.76,3.41
201312,2.73,3.06,2.35
201401,0.7,-1.69,-0.41
201402,4.73,4.51,4.33
201403,-1.87,0.88,1.69
201404,-5.01,-2.93,-2.96
201405,-0.06,0.61,-0.34
201406,5.31,3.84,3.82
201407,-5.65,-4.88,-3.62
201408,4.75,4.14,3.61
201409,-4.66,-4.94,-4.68
201410,4.11,3.64,2.06
201411,0.99,-0.06,-1.25
201412,1.51,2.53,1.66
201501,-2.18,-4.3,-3.78
201502,7.43,7,5.04
201503,0.09,0.33,0.02
201504,-0.16,-0.57,1.49
201505,1.72,1.19,-0.72
201506,0.67,-0.55,-0.57
201507,-0.34,-3.03,-5.06
201508,-7.21,-3.91,-1.96
201509,-6.51,-4.99,-5.02
201510,5.45,6.03,4.29
201511,3.59,1.79,1.34
201512,-3.86,-4.77,-5.26
201601,-11.02,-8.38,-7.8
201602,-0.05,1.21,-0.33
201603,7.09,8.13,9.31
,,,
,,,
,,,
,,,
,,,
,,,
,,,
,,,
,,,
,,,
,,,
,,,
,,,
,,,
,,,
,,,
,,,
,,,
,,,
,,,
,,,
,,,
,,,
,,,
,,,
,,,
,,,
,,,
,,,
,,,
,,,
,,,
,,,
,,,
,,,
,,,
,,,
,,,
,,,
,,,
,,,
,,,
,,,
,,,
,,,
,,,
,,,
,,,
,,,
,,,
,,,
,,,
,,,
,,,
,,,
,,,
,,,
,,,
,,,
,,,
,,,
,,,
,,,
,,,
,,,
,,,
,,,
,,,
,,,
,,,
,,,
,,,
,,,
,,,
,,,
,,,
,,,
,,,
,,,
,,,
,,,
,,,
,,,
,,,
,,,
,,,
,,,
,,,
,,,
,,,
,,,
,,,
,,,
,,,
,,,
,,,
,,,
,,,
,,,
,,,
,,,
,,,
,,,
,,,
,,,
,,,
,,,
,,,
,,,
,,,
,,,
,,,
,,,
,,,
,,,
,,,
,,,
,,,
,,,
,,,
,,,
,,,
,,,
,,,
,,,
,,,
,,,
,,,
,,,
,,,
,,,
,,,
,,,
,,,
,,,
,,,
,,,
,,,
,,,
,,,
,,,
,,,
,,,
,,,
,,,
,,,
,,,
,,,
,,,
,,,
,,,
,,,
,,,
,,,
,,,
,,,
,,,
,,,
,,,
,,,
,,,
,,,
,,,
,,,
,,,
,,,
,,,
,,,
,,,
,,,
,,,
,,,
,,,
,,,
,,,
,,,
,,,
,,,
,,,
,,,
,,,
,,,
,,,
,,,
,,,
,,,
,,,
,,,
,,,
,,,
,,,
,,,
,,,
,,,
,,,
,,,
,,,
,,,
,,,
,,,
,,,
,,,
,,,
,,,
,,,
,,,
,,,
,,,
,,,
,,,
,,,
,,,
,,,
,,,
,,,
,,,
,,,
,,,
,,,
,,,
,,,
,,,
,,,
,,,
,,,
,,,
,,,
,,,
,,,
,,,
,,,
,,,
,,,
,,,
,,,
,,,
,,,
,,,
,,,
,,,
,,,
,,,
,,,
,,,
,,,
,,,
,,,
,,,
,,,
,,,
,,,
,,,
,,,
,,,
,,,
,,,
,,,
,,,
,,,
,,,
,,,
,,,
,,,
,,,
,,,
,,,
,,,
,,,
,,,
,,,
,,,
,,,
,,,
,,,
,,,
,,,
,,,
,,,
,,,
,,,
,,,
,,,
,,,
,,,
,,,
,,,
,,,
,,,
,,,
,,,
,,,
,,,
,,,
,,,
,,,
,,,
,,,
,,,
,,,
,,,
,,,
,,,
,,,
,,,
,,,
,,,
,,,
,,,
,,,
,,,
,,,
,,,
,,,
,,,
,,,
,,,
,,,
,,,
,,,
,,,
,,,
,,,
,,,
,,,
,,,
,,,
,,,
,,,
,,,
,,,
,,,
,,,
,,,
,,,
,,,
,,,
,,,
,,,
,,,
,,,
,,,
,,,
,,,
,,,
,,,
,,,
,,,
,,,
,,,
,,,
,,,
,,,
,,,
,,,
,,,
,,,
,,,
,,,
,,,
,,,
,,,
,,,
,,,
,,,
,,,
,,,
,,,
,,,
,,,
,,,
,,,
,,,
,,,
,,,
,,,
,,,
,,,
,,,
,,,
,,,
,,,
,,,
,,,
,,,
,,,
,,,
,,,
,,,
,,,
,,,
,,,
,,,
,,,
,,,
,,,
,,,
,,,
,,,
,,,
,,,
,,,
,,,
,,,
,,,
,,,
,,,
,,,
,,,
,,,
,,,
,,,
,,,
,,,
,,,
,,,
,,,
,,,
,,,
,,,
,,,
,,,
,,,
,,,
,,,
,,,
,,,
,,,
,,,
,,,
,,,
,,,
,,,
,,,
,,,
,,,
,,,
,,,
,,,
,,,
,,,
,,,
,,,
,,,
,,,
,,,
,,,
,,,
,,,
,,,
,,,
,,,
,,,
,,,
,,,
,,,
,,,
,,,
,,,
,,,
,,,
,,,
,,,
,,,
,,,
,,,
,,,
,,,
,,,
,,,
,,,
,,,
,,,
,,,
,,,
,,,
,,,
,,,
,,,
,,,
,,,
,,,
,,,
,,,
,,,
,,,
,,,
,,,
,,,
,,,
,,,
,,,
,,,
,,,
,,,
,,,
,,,
,,,
,,,
,,,
,,,
,,,
,,,
,,,
,,,
,,,
,,,
,,,
,,,
,,,
,,,
,,,
,,,
,,,
,,,
,,,
,,,
,,,
,,,
,,,
,,,
,,,
,,,
,,,
,,,
,,,
,,,
,,,
,,,
,,,
,,,
,,,
,,,
,,,
,,,
,,,
,,,
,,,
,,,
,,,
,,,
,,,
,,,
,,,
,,,
,,,
,,,
,,,
,,,
,,,
,,,
,,,
,,,
,,,
,,,
,,,
,,,
,,,
,,,
,,,
,,,
,,,
,,,
,,,
,,,
,,,
,,,
,,,
,,,
,,,
,,,
,,,
,,,
,,,
,,,
,,,
,,,
,,,
,,,
,,,
,,,
,,,
,,,
,,,
,,,
,,,
,,,
,,,
,,,
,,,
,,,
,,,
,,,
,,,
,,,
,,,
,,,
,,,
,,,
,,,
,,,
,,,
,,,
,,,
,,,
,,,
,,,
,,,
,,,
,,,
,,,
,,,
,,,
,,,
,,,
,,,
,,,
,,,
,,,
,,,
,,,
,,,
,,,
,,,
,,,
,,,
,,,
,,,
,,,
,,,
,,,
,,,
,,,
,,,
,,,
,,,
,,,
,,,
,,,
,,,
,,,
,,,
,,,
,,,
,,,
,,,
,,,
,,,
,,,
,,,
,,,
,,,
,,,
,,,
,,,
,,,
,,,
,,,
,,,
,,,
,,,
,,,
,,,
,,,
,,,
,,,
,,,
,,,
,,,
,,,
,,,
,,,
,,,
,,,
,,,
,,,
,,,
,,,
,,,
,,,
,,,
,,,
,,,
,,,
,,,
,,,
,,,
,,,
,,,
,,,
,,,
,,,
,,,
,,,
,,,
,,,
,,,
,,,
,,,
,,,
,,,
,,,
,,,
,,,
,,,
,,,
,,,
,,,
,,,
,,,
,,,
,,,
,,,
,,,
,,,
,,,
,,,
,,,
,,,
,,,
,,,
,,,
,,,
,,,
,,,
,,,
,,,
,,,
,,,
,,,
,,,
,,,
,,,
,,,
,,,
,,,
,,,
,,,
,,,
,,,
,,,
,,,
,,,
,,,
,,,
,,,
,,,
,,,
,,,
,,,
,,,
,,,
,,,
,,,
,,,
,,,
,,,
,,,
,,,
,,,
,,,
,,,
,,,
,,,
,,,
,,,
,,,
,,,
,,,
,,,
,,,
,,,
,,,
,,,
,,,
,,,
,,,
,,,
,,,
,,,
,,,
,,,
,,,
,,,
,,,
,,,
,,,
,,,
,,,
,,,
,,,
,,,
,,,
,,,
,,,
,,,
,,,
,,,
,,,
,,,
,,,
,,,
,,,
,,,
,,,
,,,
,,,
,,,
,,,
,,,
,,,
,,,
,,,
,,,
,,,
,,,
,,,
,,,
,,,
,,,
,,,
,,,
,,,
,,,
,,,
,,,
,,,
,,,
,,,
,,,
,,,
,,,
,,,
,,,
,,,
,,,
,,,
,,,
,,,
,,,
,,,
,,,
,,,
,,,
,,,
,,,
,,,
,,,
,,,
,,,
,,,
,,,
,,,
,,,
,,,
,,,
,,,
,,,
,,,
,,,
,,,
,,,
,,,
,,,
,,,
,,,
,,,
,,,
,,,
,,,
,,,
,,,
,,,
,,,
,,,
,,,
,,,
,,,
,,,
,,,
,,,
,,,
,,,
,,,
,,,
,,,
,,,
,,,
,,,
,,,
,,,
,,,
,,,
,,,
,,,
,,,
,,,
,,,
,,,
,,,
,,,
,,,
,,,
,,,
,,,
,,,
,,,
,,,
,,,
,,,
,,,
,,,
,,,
,,,
,,,
,,,
,,,
,,,
,,,
,,,
,,,
,,,
,,,
,,,
,,,
,,,
,,,
,,,
,,,
,,,
,,,
,,,
,,,
,,,
,,,
,,,
,,,
,,,
,,,
,,,
,,,
,,,
,,,
,,,
,,,
,,,
,,,
,,,
,,,
,,,
,,,
,,,
,,,
,,,
,,,
,,,
,,,
,,,
,,,
,,,
,,,
,,,
,,,
,,,
,,,
,,,
,,,
,,,
,,,
,,,
,,,
,,,
,,,
,,,
,,,
,,,
,,,
,,,
,,,
,,,
,,,
,,,
,,,
,,,
,,,
,,,
,,,
,,,
,,,
,,,
,,,
,,,
,,,
,,,
,,,
,,,
,,,
,,,
,,,
,,,
,,,
,,,
,,,
,,,
,,,
,,,
,,,
,,,
,,,
,,,
,,,
,,,
,,,
,,,
,,,
,,,
,,,
,,,
,,,
,,,
,,,
,,,
,,,
,,,
,,,
,,,
,,,
,,,
,,,
,,,
,,,
,,,
,,,
,,,
,,,
,,,
,,,
,,,
,,,
,,,
,,,
,,,
,,,
,,,
,,,
,,,
,,,
,,,
,,,
,,,
,,,
,,,
,,,
,,,
,,,
,,,
,,,
,,,
,,,
,,,
,,,
,,,
,,,
,,,
,,,
,,,
,,,
,,,
,,,
,,,
,,,
,,,
,,,
,,,
,,,
,,,
,,,
,,,
,,,
,,,
,,,
,,,
,,,
,,,
,,,
,,,
,,,
,,,
,,,
,,,
,,,
,,,
,,,
,,,
,,,
,,,
,,,
,,,
,,,
,,,
,,,
,,,
,,,
,,,
,,,
,,,
,,,
,,,
,,,
,,,
,,,
,,,
,,,
,,,
,,,
,,,
,,,
,,,
,,,
,,,
,,,
,,,
,,,
,,,
,,,
,,,
,,,
,,,
,,,
,,,
,,,
,,,
,,,
,,,
,,,
,,,
,,,
,,,
,,,
,,,
,,,
,,,
,,,
,,,
,,,
,,,
,,,
,,,
,,,
,,,
,,,
,,,
,,,
,,,
,,,
,,,
,,,
,,,
,,,
,,,
,,,
,,,
,,,
,,,
,,,
,,,
,,,
,,,
,,,
,,,
,,,
,,,
,,,
,,,
,,,
,,,
,,,
,,,
,,,
,,,
,,,
,,,
,,,
,,,
,,,
,,,
,,,
,,,
,,,
,,,
,,,
,,,
,,,
,,,
,,,
,,,
,,,
,,,
,,,
,,,
,,,
,,,
,,,
,,,
,,,
,,,
,,,
,,,
,,,
,,,
,,,
,,,
,,,
,,,
,,,
,,,
,,,
,,,
,,,
,,,
,,,
,,,
,,,
,,,
,,,
,,,
,,,
,,,
,,,
,,,
,,,
,,,
,,,
,,,
,,,
,,,
,,,
,,,
,,,
,,,
,,,
,,,
,,,
,,,
,,,
,,,
,,,
,,,
,,,
,,,
,,,
,,,
,,,
,,,
,,,
,,,
,,,
,,,
,,,
,,,
,,,
,,,
,,,
,,,
,,,
,,,
,,,
,,,
,,,
,,,
,,,
,,,
,,,
,,,
,,,
,,,
,,,
,,,
,,,
,,,
,,,
,,,
,,,
,,,
,,,
,,,
,,,
,,,
,,,
,,,
,,,
,,,
,,,
,,,
,,,
,,,
,,,
,,,
,,,
,,,
,,,
,,,
,,,
,,,
,,,
,,,
,,,
,,,
,,,
,,,
,,,
,,,
,,,
,,,
,,,
,,,
,,,
,,,
,,,
,,,
,,,
,,,
,,,
,,,
,,,
,,,
,,,
,,,
,,,
,,,
,,,
,,,
,,,
,,,
,,,
,,,
,,,
,,,
,,,
,,,
,,,
,,,
,,,
,,,
,,,
,,,
,,,
,,,
,,,
,,,
,,,
,,,
,,,
,,,
,,,
,,,
,,,
,,,
,,,
,,,
,,,
,,,
,,,
,,,
,,,
,,,
,,,
,,,
,,,
,,,
,,,
,,,
,,,
,,,
,,,
,,,
,,,
,,,
,,,
,,,
,,,
,,,
,,,
,,,
,,,
,,,
,,,
,,,
,,,
,,,
,,,
,,,
,,,
,,,
,,,
,,,
,,,
,,,
,,,
,,,
,,,
,,,
,,,
,,,
,,,
,,,
,,,
,,,
,,,
,,,
,,,
,,,
,,,
,,,
,,,
,,,
,,,
,,,
,,,
,,,
,,,
,,,
,,,
,,,
,,,
,,,
,,,
,,,
,,,
,,,
,,,
,,,
,,,
,,,
,,,
,,,
,,,
,,,
,,,
,,,
,,,
,,,
,,,
,,,
,,,
,,,
,,,
,,,
,,,
,,,
,,,
,,,
,,,
,,,
,,,
,,,
,,,
,,,
,,,
,,,
,,,
,,,
,,,
,,,
,,,
,,,
,,,
,,,
,,,
,,,
,,,
,,,
,,,
,,,
,,,
,,,
,,,
,,,
,,,
,,,
,,,
,,,
,,,
,,,
,,,
,,,
,,,
,,,
,,,
,,,
,,,
,,,
,,,
,,,
,,,
,,,
,,,
,,,
,,,
,,,
,,,
,,,
,,,
,,,
,,,
,,,
,,,
,,,
,,,
,,,
,,,
,,,
,,,
,,,
,,,
,,,
,,,
,,,
,,,
,,,
,,,
,,,
,,,
,,,
,,,
,,,
,,,
,,,
,,,
,,,
,,,
,,,
,,,
,,,
,,,
,,,
,,,
,,,
,,,
,,,
,,,
,,,
,,,
,,,
,,,
,,,
,,,
,,,
,,,
,,,
,,,
,,,
,,,
,,,
,,,
,,,
,,,
,,,
,,,
,,,
,,,
,,,
,,,
,,,
,,,
,,,
,,,
,,,
,,,
,,,
,,,
,,,
,,,
,,,
,,,
,,,
,,,
,,,
,,,
,,,
,,,
,,,
,,,
,,,
,,,
,,,
,,,
,,,
,,,
,,,
,,,
,,,
,,,
,,,
,,,
,,,
,,,
,,,
,,,
,,,
,,,
,,,
,,,
,,,
,,,
,,,
,,,
,,,
,,,
,,,
,,,
,,,
,,,
,,,
,,,
,,,
,,,
,,,
,,,
,,,
,,,
,,,
,,,
,,,
,,,
,,,
,,,
,,,
,,,
,,,
,,,
,,,
,,,
,,,
,,,
,,,
,,,
,,,
,,,
,,,
,,,
,,,
,,,
,,,
,,,
,,,
,,,
,,,
,,,
,,,
,,,
,,,
,,,
,,,
,,,
,,,
,,,
,,,
,,,
,,,
,,,
,,,
,,,
,,,
,,,
,,,
,,,
,,,
,,,
,,,
,,,
,,,
,,,
,,,
,,,
,,,
,,,
,,,
,,,
,,,
,,,
,,,
,,,
,,,
,,,
,,,
,,,
,,,
,,,
,,,
,,,
,,,
,,,
,,,
,,,
,,,
,,,
,,,
,,,
,,,
,,,
,,,
,,,
,,,
,,,
,,,
,,,
,,,
,,,
,,,
,,,
,,,
,,,
,,,
,,,
,,,
,,,
,,,
,,,
,,,
,,,
,,,
,,,
,,,
,,,
,,,
,,,
,,,
,,,
,,,
,,,
,,,
,,,
,,,
,,,
,,,
,,,
,,,
,,,
,,,
,,,
,,,
,,,
,,,
,,,
,,,
,,,
,,,
,,,
,,,
,,,
,,,
,,,
,,,
,,,
,,,
,,,
,,,
,,,
,,,
,,,
,,,
,,,
,,,
,,,
,,,
,,,
,,,
,,,
,,,
,,,
,,,
,,,
,,,
,,,
,,,
,,,
,,,
,,,
,,,
,,,
,,,
,,,
,,,
,,,
,,,
,,,
,,,
,,,
,,,
,,,
,,,
,,,
,,,
,,,
,,,
,,,
,,,
,,,
,,,
,,,
,,,
,,,
,,,
,,,
,,,
,,,
,,,
,,,
,,,
,,,
,,,
,,,
,,,
,,,
,,,
,,,
,,,
,,,
,,,
,,,
,,,
,,,
,,,
,,,
,,,
,,,
,,,
,,,
,,,
,,,
,,,
,,,
,,,
,,,
,,,
,,,
,,,
,,,
,,,
,,,
,,,
,,,
,,,
,,,
,,,
,,,
,,,
,,,
,,,
,,,
,,,
,,,
,,,
,,,
,,,
,,,
,,,
,,,
,,,
,,,
,,,
,,,
,,,
,,,
,,,
,,,
,,,
,,,
,,,
,,,
,,,
,,,
,,,
,,,
,,,
,,,
,,,
,,,
,,,
,,,
,,,
,,,
,,,
,,,
,,,
,,,
,,,
,,,
,,,
,,,
,,,
,,,
,,,
,,,
,,,
,,,
,,,
,,,
,,,
,,,
,,,
,,,
,,,
,,,
,,,
,,,
,,,
,,,
,,,
,,,
,,,
,,,
,,,
,,,
,,,
,,,
,,,
,,,
,,,
,,,
,,,
,,,
,,,
,,,
,,,
,,,
,,,
,,,
,,,
,,,
,,,
,,,
,,,
,,,
,,,
,,,
,,,
,,,
,,,
,,,
,,,
,,,
,,,
,,,
,,,
,,,
,,,
,,,
,,,
,,,
,,,
,,,
,,,
,,,
,,,
,,,
,,,
,,,
,,,
,,,
,,,
,,,
,,,
,,,
,,,
,,,
,,,
,,,
,,,
,,,
,,,
,,,
,,,
,,,
,,,
,,,
,,,
,,,
,,,
,,,
,,,
,,,
,,,
,,,
,,,
,,,
,,,
,,,
,,,
,,,
,,,
,,,
,,,
,,,
,,,
,,,
,,,
,,,
,,,
,,,
,,,
,,,
,,,
,,,
,,,
,,,
,,,
,,,
,,,
,,,
,,,
,,,
,,,
,,,
,,,
,,,
,,,
,,,
,,,
,,,
,,,
,,,
,,,
,,,
,,,
,,,
,,,
,,,
,,,
,,,
,,,
,,,
,,,
,,,
,,,
,,,
,,,
,,,
,,,
,,,
,,,
,,,
,,,
,,,
,,,
,,,
,,,
,,,
,,,
,,,
,,,
,,,
,,,
,,,
,,,
,,,
,,,
,,,
,,,
,,,
,,,
,,,
,,,
,,,
,,,
,,,
,,,
,,,
,,,
,,,
,,,
,,,
,,,
,,,
,,,
,,,
,,,
,,,
,,,
,,,
,,,
,,,
,,,
,,,
,,,
,,,
,,,
,,,
,,,
,,,
,,,
,,,
,,,
,,,
,,,
,,,
,,,
,,,
,,,
,,,
,,,
,,,
,,,
,,,
,,,
,,,
,,,
,,,
,,,
,,,
,,,
,,,
,,,
,,,
,,,
,,,
,,,
,,,
,,,
,,,
,,,
,,,
,,,
,,,
,,,
,,,
,,,
,,,
,,,
,,,
,,,
,,,
,,,
,,,
,,,
,,,
,,,
,,,
,,,
,,,
,,,
,,,
,,,
,,,
,,,
,,,
,,,
,,,
,,,
,,,
,,,
,,,
,,,
,,,
,,,
,,,
,,,
,,,
,,,
,,,
,,,
,,,
,,,
,,,
,,,
,,,
,,,
,,,
,,,
,,,
,,,
,,,
,,,
,,,
,,,
,,,
,,,
,,,
,,,
,,,
,,,
,,,
,,,
,,,
,,,
,,,
,,,
,,,
,,,
,,,
,,,
,,,
,,,
,,,
,,,
,,,
,,,
,,,
,,,
,,,
,,,
,,,
,,,
,,,
,,,
,,,
,,,
,,,
,,,
,,,
,,,
,,,
,,,
,,,
,,,
,,,
,,,
,,,
,,,
,,,
,,,
,,,
,,,
,,,
,,,
,,,
,,,
,,,
,,,
,,,
,,,
,,,
,,,
,,,
,,,
,,,
,,,
,,,
,,,
,,,
,,,
,,,
,,,
,,,
,,,
,,,
,,,
,,,
,,,
,,,
,,,
,,,
,,,
,,,
,,,
,,,
,,,
,,,
,,,
,,,
,,,
,,,
,,,
,,,
,,,
,,,
,,,
,,,
,,,
,,,
,,,
,,,
,,,
,,,
,,,
,,,
,,,
,,,
,,,
,,,
,,,
,,,
,,,
,,,
,,,
,,,
,,,
,,,
,,,
,,,
,,,
,,,
,,,
,,,
,,,
,,,
,,,
,,,
,,,
,,,
,,,
,,,
,,,
,,,
,,,
,,,
,,,
,,,
,,,
,,,
,,,
,,,
,,,
,,,
,,,
,,,
,,,
,,,
,,,
,,,
,,,
,,,
,,,
,,,
,,,
,,,
,,,
,,,
,,,
,,,
,,,
,,,
,,,
,,,
,,,
,,,
,,,
,,,
,,,
,,,
,,,
,,,
,,,
,,,
,,,
,,,
,,,
,,,
,,,
,,,
,,,
,,,
,,,
,,,
,,,
,,,
,,,
,,,
,,,
,,,
,,,
,,,
,,,
,,,
,,,
,,,
,,,
,,,
,,,
,,,
,,,
,,,
,,,
,,,
,,,
,,,
,,,
,,,
,,,
,,,
,,,
,,,
,,,
,,,
,,,
,,,
,,,
,,,
,,,
,,,
,,,
,,,
,,,
,,,
,,,
,,,
,,,
,,,
,,,
,,,
,,,
,,,
,,,
,,,
,,,
,,,
,,,
,,,
,,,
,,,
,,,
,,,
,,,
,,,
,,,
,,,
,,,
,,,
,,,
,,,
,,,
,,,
,,,
,,,
,,,
,,,
,,,
,,,
,,,
,,,
,,,
,,,
,,,
,,,
,,,
,,,
,,,
,,,
,,,
,,,
,,,
,,,
,,,
,,,
,,,
,,,
,,,
,,,
,,,
,,,
,,,
,,,
,,,
,,,
,,,
,,,
,,,
,,,
,,,
,,,
,,,
,,,
,,,
,,,
,,,
,,,
,,,
,,,
,,,
,,,
,,,
,,,
,,,
,,,
,,,
,,,
,,,
,,,
,,,
,,,
,,,
,,,
,,,
,,,
,,,
,,,
,,,
,,,
,,,
,,,
,,,
,,,
,,,
,,,
,,,
,,,
,,,
,,,
,,,
,,,
,,,
,,,
,,,
,,,
,,,
,,,
,,,
,,,
,,,
,,,
,,,
,,,
,,,
,,,
,,,
,,,
,,,
,,,
,,,
,,,
,,,
,,,
,,,
,,,
,,,
,,,
,,,
,,,
,,,
,,,
,,,
,,,
,,,
,,,
,,,
,,,
,,,
Copyright 2016 Kenneth R. French,,,
