,Mkt-RF,SMB,HML,RF
192607,2.96,-2.3,-2.87,0.22
192608,2.64,-1.4,4.19,0.25
192609,0.36,-1.32,0.01,0.23
192610,-3.24,0.04,0.51,0.32
192610,2.53,-0.2,-0.35,0.31
192610,2.62,-0.04,-0.02,0.28
192610,-0.06,-0.56,4.83,0.25
192610,4.18,-0.1,3.17,0.26
192610,0.13,-1.6,-2.67,0.3
192610,0.46,0.43,0.6,0.25
192610,5.44,1.41,4.93,0.3
192610,-2.34,0.47,-1.53,0.26
192610,7.26,-3.23,-1.16,0.3
192610,1.97,-0.72,-3.69,0.28
192610,4.76,-3.57,-0.71,0.21
192610,-4.31,2.13,-4.33,0.25
192610,6.58,2.76,-0.31,0.21
192610,2.09,0.93,-1.06,0.22
192610,-0.68,4.25,-0.72,0.25
192610,-1.7,-2.03,-0.69,0.33
192610,8.81,-0.26,-1.2,0.29
192610,4.23,3.82,3.67,0.22
192610,1.52,2.98,-3.46,0.32
192610,-4.85,-3.5,-0.06,0.31
192610,0.62,-1.35,-0.47,0.32
192610,6.68,-2.07,-2.11,0.32
192610,2.88,2.18,0.76,0.27
192610,1.33,2.27,-2.26,0.41
192610,11.81,-1.81,2.8,0.38
192610,0.36,-0.85,-0.6,0.06
192610,4.66,-3.55,-1.21,0.34
192610,-0.34,-0.39,1.68,0.36
192610,-0.89,-4.78,1.56,0.34
192610,1.43,-0.99,0.61,0.36
192610,-6.39,-5.46,-1.57,0.44
192610,9.7,-2.17,-2.76,0.52
192610,4.46,-3.87,2.67,0.33
192610,8.18,-9.51,0.07,0.4
192610,-5.47,1.17,-0.63,0.35
192610,-20.12,-4.08,7.85,0.46
192610,-12.74,-1.91,5.33,0.37
192610,1.33,-4.2,-0.59,0.37
192610,5.61,3.58,-1.01,0.14
192610,2.5,0.12,0.39,0.3
192610,7.1,3.44,0.15,0.35
192610,-2.06,-0.17,-0.84,0.21
192610,-1.66,-2.04,-0.63,0.26
192610,-16.27,-3.22,2,0.27
192610,4.12,-0.37,-1.56,0.2
192610,0.3,-2.22,-0.78,0.09
192610,-12.75,-2.22,-5.27,0.22
192610,-8.78,-0.1,-1.35,0.09
192610,-3.04,2.21,-3.53,0.13
192610,-7.83,-4.68,-5.39,0.14
192610,6.24,3.81,7.21,0.15
192610,10.88,3.39,1.6,0.04
192610,-6.43,3.07,-3.65,0.13
192610,-9.98,-4.61,-3.92,0.08
192610,-13.24,5.16,-6.57,0.09
192610,13.9,-5.38,11.3,0.08
192610,-6.62,1.43,-2.1,0.06
192610,0.41,-1.97,-1.49,0.03
192610,-29.13,0.56,-6.75,0.03
192610,8.04,-1.87,1.7,0.1
192610,-9.08,4.3,-5.05,0.17
192610,-13.53,-0.56,-8.86,0.12
192610,-1.58,3.94,9.04,0.23
192610,5.46,-2.77,-1.45,0.23
192610,-11.21,2.27,-2.32,0.16
192610,-17.96,1.44,1.42,0.11
192610,-20.51,3.72,-3.28,0.06
192610,-0.7,0.35,5.32,0.02
192610,33.84,-4.44,35.46,0.03
192610,37.06,14.29,33.03,0.03
192610,-2.94,-2.43,-6.82,0.03
192610,-13.17,-2.76,-10.04,0.02
192610,-5.88,2.08,-13.28,0.02
192610,4.4,-8.27,-8.16,0.01
192610,1.25,0.63,6.14,0.01
192610,-15.24,-2.75,-2.73,-0.03
192610,3.29,3.9,7.38,0.04
192610,38.85,4.56,17.43,0.1
192610,21.43,36.7,19.03,0.04
192610,13.11,8.67,-1.88,0.02
192610,-9.63,-1.01,3.27,0.02
192610,12.05,-5.45,2.96,0.03
192610,-10.65,-0.32,-11.77,0.02
192610,-8.36,-0.08,-8.46,0.01
192610,9.97,-6.48,2.33,0.02
192610,1.83,0.66,-1.53,0.02
192610,12.6,12.53,15.54,0.05
192610,-2.5,5.19,2.12,0.02
192610,0.09,2.51,-2.73,0.02
192610,-1.79,2.8,-3.75,0.01
192610,-7.25,-0.26,-5.91,0.01
192610,2.64,-2.14,-2.92,0.01
192610,-10.96,-6.94,-10.66,0.01
192610,5.58,5.42,0.5,0.01
192610,-0.23,-1.52,-1.24,0.01
192610,-1.66,1.24,-5.11,0.01
192610,8.33,6.49,-2.24,0.01
192610,0.36,3.08,-3.17,0.01
192610,-3.45,1.07,-1.89,0.01
192610,-1.94,0.42,-7.24,0.02
192610,-3.68,-3.54,-5.06,0.01
192610,9.06,-1.56,4.27,0.01
192610,3.47,-3.28,2.52,0.01
192610,5.93,-5.03,2.13,0.01
192610,7.51,1.47,6.86,0.01
192610,2.65,6.28,5.7,0.01
192610,2.63,1.57,-4.05,0.01
192610,7.03,2.65,-2.33,0.01
192610,4.88,4.3,11.91,0.02
192610,4.56,0.22,1.07,0.01
192610,6.89,5.1,10.51,0.01
192610,2.49,1.14,5.04,0.01
192610,0.99,0.66,-1.66,0.02
192610,-8.14,-6.03,-2.08,0.02
192610,5.19,0.81,2.63,0.02
192610,2.4,-3.25,-1.2,0.03
192610,6.67,1.14,2.56,0.01
192610,0.99,0.72,3.99,0.02
192610,0.98,3.07,0.88,0.01
192610,7.12,-2.39,2.52,0.02
192610,3.27,9.01,-0.92,0.01
192610,0.21,3.61,3.96,0
192610,3.35,4.31,2.61,0.01
192610,1.09,1.23,5.05,0.02
192610,-0.27,-1.78,6.39,0.01
192610,-7.36,-3.77,-3.61,0.03
192610,-0.83,-0.66,-3.49,0.06
192610,-4.21,-3.65,-3.21,0.03
192610,8.91,0.85,0.82,0.03
192610,-4.86,0.42,-2.25,0.02
192610,-13.61,-6.89,-4.57,0.04
192610,-9.61,0.45,-1.62,0.02
192610,-8.31,-3.65,0.2,0.02
192610,-4.24,-7.76,-0.39,0
192610,0.49,4.97,-1.6,0
192610,5.84,0.35,-2.02,0
192610,-23.82,-4.24,-3.52,-0.01
192610,14.51,6.37,0.18,0.01
192610,-3.83,-2.47,-0.28,0
192610,23.87,4.05,0.3,0
192610,7.34,6.66,2.18,-0.01
192610,-2.67,-2.44,-4.72,0
192610,0.81,-2.72,-1.62,0.02
192610,7.8,5.83,5.01,0.01
192610,-1.72,-2.56,-1.23,-0.06
192610,4.19,-1.8,0.5,0
192610,-5.96,-1.56,-3.92,-0.01
192610,3.51,0.63,2.95,0.01
192610,-11.99,-4.76,-8.29,-0.01
192610,-0.18,1.66,-0.3,0
192610,6.8,2.81,0.47,0.01
192610,-5.31,-1.02,-5.41,0.01
192610,10.24,4.32,-0.03,0
192610,-6.68,-4.61,-2.42,-0.01
192610,16.88,20.23,22.22,0.01
192610,-0.53,-0.01,-4.89,0
192610,-3.62,-5.07,-6.46,0
192610,3.03,0.79,-4.06,0
192610,-2.41,0.24,-0.77,0
192610,1.44,2.51,-0.32,0
192610,2.05,1.25,-1.27,0
192610,0.22,3.92,-0.13,0
192610,-21.95,-6.66,-3.69,-0.02
192610,6.67,-2.13,4.63,0
192610,3.16,1.01,-0.74,0.01
192610,2.19,-0.11,0.56,-0.01
192610,2.39,3.22,-1.13,0
192610,3.02,0.28,4.64,0
192610,-1.61,1.94,0.12,0
192610,0.69,-2.15,-0.89,0
192610,-4.17,1,3.83,-0.01
192610,-1.43,-1.57,0.89,-0.01
192610,0.84,0.1,3.04,0.01
192610,-5.46,-1.69,3.41,-0.01
192610,1.39,-0.66,0.6,0
192610,5.83,1.32,0.59,0
192610,5.87,5.7,7.25,0.03
192610,-0.17,-0.41,-1.1,0.01
192610,-0.87,-0.99,-0.28,0.01
192610,-5.25,-2.02,1.63,0
192610,-1.92,-1.21,-0.64,0
192610,-4.87,-2.98,-5.94,0.01
192610,0.79,7.52,10.1,0.02
192610,-2.46,1.72,-1.13,0.01
192610,-6.58,1.78,-0.62,0.01
192610,-4.37,-0.6,2.09,0.01
192610,5.94,-3.05,-2.65,0.03
192610,2.69,-1.22,0.54,0.02
192610,3.51,-0.16,2.4,0.03
192610,1.8,-0.09,1.33,0.03
192610,2.61,0.66,2.39,0.03
192610,6.82,1.82,6.47,0.03
192610,0.15,-1.54,-4.24,0.03
192610,5.12,-2.49,0.56,0.03
192610,7.13,8.78,8.23,0.03
192610,6.15,4.84,6.51,0.03
192610,6.01,5.03,5.48,0.03
192610,0.81,2.06,5.86,0.03
192610,5.74,4.41,3.28,0.03
192610,1.82,-1.06,-0.74,0.03
192610,-4.77,-2.41,-2.27,0.03
192610,1.3,-0.62,-0.47,0.03
192610,2.4,1.28,1.43,0.03
192610,-1.15,0.58,1.65,0.03
192610,-5.91,-1.64,-4.04,0.03
192610,6.36,3.34,3.22,0.03
192610,1.74,2.56,2.17,0.03
192610,0.37,-0.1,0.83,0.03
192610,2.46,1.71,3.43,0.02
192610,-1.69,-1.35,-1.13,0.03
192610,5.07,1.67,1.02,0.03
192610,5.49,4.04,1.82,0.03
192610,-1.49,0.55,-0.43,0.03
192610,1.57,2.41,-1.63,0.03
192610,0.01,0.47,-1.21,0.02
192610,0.16,-0.14,-0.34,0.03
192610,1.71,0.37,2.31,0.03
192610,4.03,2.24,5.91,0.02
192610,2.01,2.44,0.71,0.03
192610,6.23,1.56,4.4,0.02
192610,-3.89,-1.61,-1.78,0.02
192610,7.8,0.32,3.21,0.03
192610,1.73,1.51,0.35,0.03
192610,0.39,3.1,4.32,0.02
192610,-2.17,-1.46,-2.71,0.03
192610,6.2,1.61,-4.4,0.03
192610,4.77,1.71,0.48,0.03
192610,3.89,2.46,2.25,0.03
192610,5.39,4.16,4.34,0.02
192610,1.2,2.12,-2.32,0.03
192610,6.24,4.02,2.21,0.03
192610,-5.83,-0.73,-1.27,0.03
192610,5.87,0.31,-0.36,0.03
192610,4.23,2.37,0.45,0.03
192610,3.93,1.46,1.09,0.03
192610,-3.89,-1.53,-0.59,0.03
192610,-2.69,-2.06,0.04,0.03
192610,-6.44,-1.78,0.6,0.03
192610,-10.17,-4.41,-1.96,0.03
192610,-1.44,0.09,3.44,0.03
192610,-0.01,-0.4,1.52,0.03
192610,4.96,0.06,-1.38,0.03
192610,1.25,2.18,-0.73,0.03
192610,-1.08,0.68,0.14,0.03
192610,-1.67,-1.61,0.61,0.03
192610,-4.8,-3.97,0.85,0.03
192610,-0.97,-3.26,0.34,0.03
192610,5.29,-0.31,-0.6,0.03
192610,4.14,1.43,2.82,0.03
192610,-1.74,0.3,0.16,0.03
192610,-0.54,1.64,1.36,0.06
192610,2.47,0.51,0.08,0.06
192610,-1.97,-1.74,1.06,0.06
192610,3,-2.48,3.69,0.08
192610,-3.93,2.49,1.38,0.07
192610,-4.38,-1.71,0.07,0.07
192610,8.07,0.13,4.49,0.09
192610,3.65,-1.66,4.1,0.08
192610,7.3,0.93,-1.23,0.08
192610,-0.1,-1.86,2.75,0.09
192610,-5.09,-0.32,0.07,0.08
192610,0.25,-1.1,0.27,0.09
192610,-2.97,-1.23,-1.79,0.04
192610,5.96,-1.5,0.56,0.04
192610,-9.3,-0.62,-4.14,0.04
192610,3.26,-2.8,-1.94,0.04
192610,0.23,1.81,1.17,0.1
192610,-2.93,-1.89,-0.91,0.09
192610,4.04,2.48,1.34,0.1
192610,-1.87,-0.89,-1.18,0.09
192610,-2.94,-0.77,-2.42,0.1
192610,0.1,-0.88,-1.76,0.1
192610,5.54,0.57,0.38,0.09
192610,2.6,0.13,-0.57,0.09
192610,3.09,1.05,0.23,0.09
192610,3.14,1.03,-0.49,0.09
192610,1.82,-0.93,-0.91,0.08
192610,5.13,2.07,1.75,0.09
192610,1.7,3.36,0.14,0.09
192610,1.48,0.04,-0.81,0.09
192610,1.26,-1.41,-2.77,0.1
192610,3.94,1.99,1.34,0.09
192610,4.31,-2.12,0.46,0.1
192610,-5.94,-2.38,-0.78,0.1
192610,1.36,0.51,13.66,0.1
192610,4.85,0.73,-1.41,0.1
192610,4.81,0.57,-1.11,0.1
192610,-0.18,-0.58,1.44,0.12
192610,2.76,-0.84,3.17,0.11
192610,5.54,1.49,7.23,0.11
192610,5.7,1.73,3.72,0.13
192610,1.41,0.09,-2.83,0.1
192610,-2.15,-0.64,-4.22,0.11
192610,4.86,-1.49,3.28,0.13
192610,-2.34,-0.01,-1.33,0.12
192610,-2.62,-1.95,-3.96,0.12
192610,6.94,-1.92,1.91,0.13
192610,4.27,0.84,0.25,0.13
192610,0.7,1.88,0.64,0.12
192610,-2.53,-0.28,0.24,0.16
192610,0.57,-0.44,0.26,0.11
192610,3.33,-2.06,-1.93,0.12
192610,1.45,-0.76,1.82,0.15
192610,-2.62,0.67,-0.22,0.12
192610,4.44,-3.02,2.21,0.11
192610,-4.97,0.38,0.25,0.12
192610,3.2,-1.06,0.2,0.13
192610,3.83,-1.6,1.18,0.15
192610,0.91,-0.35,-0.4,0.15
192610,-0.76,1.21,-0.12,0.15
192610,-2.03,1.19,-1.59,0.16
192610,-0.66,-1.1,-0.46,0.14
192610,5.94,-0.69,0.88,0.1
192610,2.93,-1.42,0,0.16
192610,-0.34,3.54,1.28,0.16
192610,-0.27,2.16,-0.13,0.14
192610,-1.43,-0.14,-1.03,0.18
192610,-2.83,0.27,1.45,0.16
192610,0.52,-0.03,0.13,0.17
192610,-1.89,-1.85,-0.47,0.18
192610,2.4,-1.01,-0.37,0.15
192610,-4.52,0.44,-3.62,0.17
192610,0.2,-0.81,-2.55,0.16
192610,4.6,-1.4,-0.03,0.13
192610,2.83,-1.23,-0.4,0.08
192610,0.03,-0.72,-2.96,0.13
192610,5.13,0.42,3.53,0.11
192610,1.67,-0.21,-0.23,0.07
192610,3.65,-0.51,-1.55,0.08
192610,4.27,-3.46,-0.5,0.09
192610,3.09,0.36,2.53,0.05
192610,1.07,0.4,-0.05,0.06
192610,4.99,1.05,4.13,0.05
192610,-2.34,2.68,-1.44,0.05
192610,6.39,-2.56,0.68,0.09
192610,-1.67,0.57,0.71,0.07
192610,9.38,-2.65,4.18,0.06
192610,5.48,2.15,5.74,0.08
192610,0.6,0.24,2.22,0.08
192610,3.02,1.54,0.61,0.09
192610,-0.16,-0.69,2.01,0.1
192610,3.11,-1.78,0.74,0.1
192610,0.93,-0.28,-0.87,0.14
192610,6.55,-4.65,1.86,0.1
192610,1.9,-1.36,0.63,0.1
192610,0.21,-0.38,0.59,0.16
192610,-0.36,0.3,-1.06,0.16
192610,-2.68,1.5,-0.03,0.18
192610,7.03,-2.46,0.51,0.17
192610,1.49,2.09,-2.26,0.18
192610,-3.03,0.44,1.12,0.22
192610,3.77,-1.03,-0.55,0.19
192610,6.64,-2.41,-0.15,0.15
192610,0.28,0.06,-0.16,0.19
192610,-5.2,1.51,-1.34,0.23
192610,3.48,-1.47,-1.3,0.2
192610,4.84,-1.8,0.19,0.22
192610,-3.18,2.02,-0.86,0.17
192610,-5.14,1.62,1.75,0.18
192610,0.52,-0.13,0.01,0.25
192610,0.36,-0.28,1.99,0.2
192610,3.16,-0.2,-1.87,0.24
192610,-3.58,3.57,2.55,0.27
192610,-2.06,-0.74,-0.7,0.24
192610,2.13,0.27,-0.48,0.23
192610,4.26,-1.79,-1.25,0.25
192610,3.45,-1.09,-2.07,0.26
192610,-0.74,0.58,-0.07,0.24
192610,0.66,-0.76,0.39,0.3
192610,-5.11,0.07,-0.45,0.25
192610,-5.98,0.07,0.88,0.26
192610,-4.32,-2.52,-1.83,0.29
192610,2.3,0.41,-2.9,0.28
192610,-3.91,-0.92,-1.72,0.24
192610,4.66,4.37,4.22,0.28
192610,-1.52,0.7,0.28,0.12
192610,3.27,0.63,-0.92,0.09
192610,3.09,-0.59,1.47,0.08
192610,2.31,2.23,-0.35,0.11
192610,2.93,-0.24,0.51,0.03
192610,4.39,0.48,3.1,0.07
192610,1.91,1.17,0.31,0.04
192610,4.66,0.14,2.98,0.19
192610,2.53,1.13,-1.18,0.18
192610,3.01,2.04,-1.28,0.11
192610,5.15,-2.05,-0.08,0.22
192610,0.71,3,3.03,0.21
192610,0.95,1.53,0.99,0.19
192610,0.28,1.49,-0.38,0.22
192610,3.66,-0.54,-1.32,0.2
192610,1.73,-2.11,1.78,0.22
192610,-0.25,0.66,1.38,0.25
192610,3.17,-0.33,0.28,0.25
192610,-1.39,-0.78,0.4,0.19
192610,-4.8,-0.08,0.5,0.31
192610,1.28,1.43,-2.04,0.3
192610,1.6,1.29,-3.27,0.26
192610,2.45,-0.6,-0.08,0.34
192610,-6.98,2.05,2.69,0.33
192610,1.17,0.56,-2.03,0.29
192610,-1.63,-0.47,-2.84,0.35
192610,-1.71,0.39,-2.37,0.19
192610,3.12,1.27,-3.72,0.27
192610,2.08,-0.17,-0.26,0.24
192610,-2.37,-0.57,2.12,0.13
192610,3.01,0.88,-0.17,0.17
192610,-5.99,-1.14,1.62,0.16
192610,-0.71,-3.95,2.61,0.22
192610,4.69,0.29,-2.4,0.13
192610,4.71,-1.6,-0.71,0.16
192610,6.2,0.68,3.67,0.19
192610,3.57,3.94,-0.68,0.14
192610,2.89,3.19,-0.68,0.2
192610,0.29,0.12,2.04,0.17
192610,2.4,1.93,0.51,0.18
192610,-3.08,-2.48,-0.19,0.2
192610,2.83,-1.9,-0.13,0.18
192610,2.57,-1.81,-0.19,0.14
192610,-2.15,-1.12,-0.48,0.17
192610,2.57,-1.98,0.61,0.19
192610,4.45,1.05,-0.9,0.15
192610,-0.18,-1.12,2.21,0.19
192610,-3.87,1.84,4.99,0.24
192610,1.81,-1.19,0.89,0.2
192610,-0.68,0.23,-1.01,0.2
192610,-6.59,-0.98,0.48,0.22
192610,-8.65,-3.01,2.31,0.24
192610,-8.47,-0.77,2.8,0.2
192610,6.28,1.6,-3.6,0.27
192610,2.13,1.24,-1.24,0.23
192610,-5.22,-2.48,1.32,0.21
192610,-0.05,-4.01,1.36,0.25
192610,10.87,2.58,1.04,0.2
192610,1.01,-3.79,0.33,0.23
192610,4.93,3.1,2.19,0.25
192610,-2.38,0.48,2.25,0.23
192610,3.08,-2.51,1.93,0.23
192610,4.51,-1.32,1.03,0.25
192610,1.76,1.07,2.56,0.24
192610,-2,-0.27,0.73,0.23
192610,-0.39,-0.55,-0.82,0.27
192610,5.07,-0.97,1.63,0.25
192610,-1.57,-0.32,0.19,0.27
192610,2.53,-0.54,-0.11,0.29
192610,-0.85,-1.1,1.66,0.27
192610,1.83,-1.96,-0.11,0.29
192610,2.24,-0.18,1.64,0.3
192610,1.54,0.09,2.83,0.26
192610,1.41,0.99,3.36,0.31
192610,0.1,-1.41,-0.42,0.29
192610,1.42,-0.88,1.88,0.26
192610,1.27,-0.3,0.72,0.3
192610,1.74,0.23,0.7,0.3
192610,-1.44,0.09,0.12,0.28
192610,2.69,-0.52,1.65,0.28
192610,0.59,0.45,1.14,0.29
192610,0,0.6,-1.96,0.29
192610,0.03,-0.24,-2.58,0.31
192610,3.54,2.67,0.2,0.28
192610,0.44,3.48,0.19,0.3
192610,-1.34,1.79,1.07,0.36
192610,3.11,1.19,0.7,0.31
192610,-0.77,0.03,-1.61,0.31
192610,-5.51,-4.35,0.58,0.35
192610,1.43,0.85,2.22,0.31
192610,2.73,2.84,-1.07,0.33
192610,2.86,0.62,-0.11,0.31
192610,2.6,2.43,1.6,0.31
192610,-0.03,4.68,0.23,0.35
192610,1.01,2.07,2.08,0.33
192610,0.72,3.86,3.57,0.38
192610,-1.21,4.45,0.36,0.35
192610,-2.51,0.95,-2.05,0.38
192610,2.14,3.43,-0.45,0.34
192610,-5.66,-4.65,-1.65,0.41
192610,-1.44,1.06,0.49,0.38
192610,-1.63,-0.32,0.82,0.35
192610,-7.91,-3.32,0.56,0.41
192610,-1.06,-1.1,0.5,0.4
192610,3.86,-6.59,2.81,0.45
192610,1.4,4.33,-4.6,0.4
192610,0.13,1.85,-1.29,0.4
192610,8.15,8.43,2.03,0.43
192610,0.78,3.37,-2.26,0.36
192610,3.99,1.74,0.19,0.39
192610,3.89,0.57,-2.54,0.32
192610,-4.33,2,0.89,0.33
192610,2.41,6,0.95,0.27
192610,4.58,3.09,2.65,0.31
192610,-0.89,0.48,1.46,0.31
192610,3.11,3.09,-2.46,0.32
192610,-3.09,1.42,-3.38,0.39
192610,0.37,0.2,-1.71,0.36
192610,3.05,5.73,-0.39,0.33
192610,-4.06,3.9,4.77,0.4
192610,-3.75,-2.96,1.17,0.39
192610,0.2,-1.28,-0.59,0.38
192610,9.05,5.73,-1.02,0.43
192610,2.28,6.42,0.85,0.45
192610,0.69,-0.17,0.68,0.43
192610,-2.72,-1.31,5.48,0.48
192610,1.34,2.34,1.01,0.42
192610,4.03,2.8,0.26,0.43
192610,0.42,-0.47,2.91,0.44
192610,5.43,2.37,-0.9,0.42
192610,-3.94,3.44,0.02,0.43
192610,-1.25,-0.79,1.69,0.53
192610,-5.84,-3.88,0.92,0.46
192610,2.64,-0.26,-0.45,0.46
192610,1.46,-0.86,0.05,0.53
192610,-0.1,-0.27,0.74,0.48
192610,-7.18,-5.39,-1.1,0.51
192610,-7,-3.21,1.42,0.53
192610,4.68,0.94,-3.85,0.5
192610,-2.98,1.22,-3.22,0.62
192610,5.06,3.8,-3.22,0.6
192610,-3.79,-2.53,-1.11,0.52
192610,-2.63,-3.67,-3.08,0.64
192610,-8.1,2.91,3.07,0.6
192610,5.13,-2.39,4.02,0.62
192610,-1.06,-2.32,4.25,0.57
192610,-11,-6.11,6.4,0.5
192610,-6.92,-4.51,3.63,0.53
192610,-5.79,-2.13,0.79,0.58
192610,6.93,-0.55,1.05,0.52
192610,4.49,1.53,1.08,0.53
192610,4.18,8.62,-5.5,0.54
192610,-2.28,-4.22,0.21,0.46
192610,4.59,-4.07,1.69,0.46
192610,5.72,2.93,0.98,0.42
192610,4.84,7.44,1.35,0.38
192610,1.41,1.89,-1.34,0.33
192610,4.13,2.57,-3.99,0.3
192610,3.15,-0.48,0.74,0.28
192610,-3.98,-1.11,-1.37,0.29
192610,-0.1,-1.43,-2,0.37
192610,-4.5,-1.5,0.17,0.4
192610,3.79,-0.18,2.71,0.47
192610,-0.85,0.41,-2.94,0.37
192610,-4.42,-1.78,-0.47,0.37
192610,-0.46,-2.83,-1.74,0.37
192610,8.71,3.29,-0.3,0.37
192610,2.49,6.11,2.03,0.29
192610,2.87,1.38,-2.76,0.25
192610,0.63,-0.27,-1.69,0.27
192610,0.29,0,0.22,0.29
192610,1.25,-2.79,-2.69,0.3
192610,-2.43,0.33,-2.48,0.29
192610,-0.8,-2.88,0.77,0.31
192610,3.26,-4.07,4.68,0.29
192610,-1.14,-2.68,0.49,0.34
192610,0.52,-2.71,1.32,0.4
192610,4.6,-1.12,4.78,0.37
192610,0.62,-1.86,-2.29,0.37
192610,-3.29,-3.5,2.68,0.44
192610,-4.85,-3.99,1.68,0.41
192610,-1.29,-2.87,2.84,0.46
192610,-5.68,-3.98,5.66,0.52
192610,-2.94,-6.11,0.19,0.51
192610,-1.56,-2.94,1.43,0.51
192610,5.04,7.86,-5.18,0.64
192610,-3.84,-2.05,1.19,0.7
192610,4.75,2.92,2.11,0.68
192610,-0.86,-0.17,1.74,0.65
192610,-12.74,-7.71,4.01,0.56
192610,0.58,-5.33,4.24,0.64
192610,-0.17,9.87,5.86,0.63
192610,-0.48,0.01,2.55,0.58
192610,-2.81,2.49,-0.09,0.56
192610,-5.29,-0.72,1.01,0.75
192610,-4.67,-3.04,-2.07,0.75
192610,-2.83,-0.18,0.77,0.6
192610,-8.05,0.89,5.22,0.7
192610,-9.35,-0.7,2.57,0.6
192610,-11.77,0.26,5.52,0.81
192610,16.1,-3.5,-9.72,0.51
192610,-4.51,-1.19,-0.08,0.54
192610,-3.44,-4.84,0.06,0.7
192610,13.66,11.02,8.22,0.58
192610,5.56,0.17,-4.53,0.43
192610,2.66,3.77,2.43,0.41
192610,4.23,-0.5,-1.16,0.44
192610,5.19,3.83,-4.07,0.44
192610,4.82,0.76,1.3,0.41
192610,-6.59,2.71,1.65,0.48
192610,-2.85,-3.2,-0.89,0.48
192610,-4.26,-0.11,0.33,0.53
192610,5.31,-3.99,0.29,0.56
192610,2.65,-1.2,2,0.41
192610,-1.6,-0.77,1.77,0.48
192610,12.16,4.79,8.6,0.47
192610,0.32,7,5.83,0.34
192610,2.33,-1.16,-0.03,0.4
192610,-1.49,-0.07,-0.02,0.42
192610,-1.35,-1.25,-1.31,0.37
192610,4.05,-1.38,0.72,0.43
192610,-1.07,0.3,1.73,0.47
192610,-0.56,-2.01,0.77,0.42
192610,2.06,0,-0.28,0.44
192610,-2.42,0.25,-0.13,0.41
192610,0.36,2.35,1.52,0.4
192610,5.65,3,2.23,0.4
192610,-4.05,4.78,4.27,0.36
192610,-1.95,1.1,0.49,0.35
192610,-1.37,1,1.04,0.38
192610,0.15,-0.1,3.45,0.38
192610,-1.46,1.2,0.83,0.37
192610,4.71,2.13,-0.65,0.4
192610,-1.69,2.13,-0.61,0.42
192610,-1.75,1.51,-2.79,0.44
192610,-0.27,1.44,-0.51,0.43
192610,-4.38,1.26,1.7,0.49
192610,4,3.69,0.35,0.5
192610,0.27,1.34,-0.34,0.49
192610,-6.01,2.22,3.29,0.49
192610,-1.38,3.57,0.8,0.46
192610,2.85,3.44,1.25,0.53
192610,7.88,0.38,-3.49,0.54
192610,1.76,4.59,-0.6,0.51
192610,-1.69,1.69,0.58,0.54
192610,5.11,0.28,-1.1,0.56
192610,3.75,5.09,-0.47,0.56
192610,-1.43,-0.42,1.87,0.62
192610,-11.91,-9.9,1.36,0.68
192610,2.71,3.03,-2.21,0.7
192610,0.88,1.25,-2.18,0.78
192610,4.23,3.69,2.26,0.77
192610,-3.56,0.46,1.18,0.73
192610,5.68,3.2,-0.65,0.81
192610,-0.06,2.16,1.08,0.8
192610,-2.21,0.52,1.87,0.82
192610,3.85,1.16,1.45,0.81
192610,0.82,1.26,1.71,0.77
192610,5.53,2.08,-1.52,0.77
192610,-0.82,-0.26,-0.9,0.83
192610,-8.1,-3.33,-1.85,0.87
192610,5.21,2.75,-3.27,0.99
192610,1.79,4.17,-1.99,0.95
192610,5.51,1.65,1.83,0.8
192610,-1.22,-1.82,0.61,0.89
192610,-12.9,-6.64,-1.06,1.21
192610,3.97,0.97,1.05,1.26
192610,5.26,2.16,0.39,0.81
192610,3.06,1.68,-0.89,0.61
192610,6.49,4.25,-6.34,0.53
192610,1.8,3.91,-2.64,0.64
192610,2.19,0.87,-4.75,0.75
192610,1.06,2.49,-2.77,0.95
192610,9.59,-3.49,-8.44,0.96
192610,-4.52,-0.28,2.71,1.31
192610,-5.04,3,6.82,1.04
192610,0.56,-0.3,1.03,1.07
192610,3.56,3.58,0.7,1.21
192610,-2.1,4.43,2.31,1.08
192610,0.11,2.01,-0.41,1.15
192610,-2.36,-0.85,5.09,1.35
192610,-1.54,-2.17,-0.6,1.24
192610,-7.03,-1.96,4.83,1.28
192610,-7.17,-2.66,5.18,1.24
192610,4.92,2.15,-4.2,1.21
192610,3.36,-0.96,1.91,1.07
192610,-3.65,1.18,0.75,0.87
192610,-3.24,-1.29,3.13,0.8
192610,-5.86,0.46,6.04,0.92
192610,-1.87,-0.18,3.81,0.98
192610,3.27,1.52,-2.79,1.13
192610,-3.99,0.47,1.82,1.06
192610,-3.09,-0.39,1.55,0.96
192610,-3.19,0.85,0.18,1.05
192610,11.14,-4.11,1.16,0.76
192610,1.29,2.88,0.33,0.51
192610,11.3,2.36,-3.69,0.59
192610,4.67,4.79,-1.93,0.63
192610,0.55,-0.17,0.02,0.67
192610,3.6,2.69,-0.87,0.69
192610,2.59,3.24,0.68,0.62
192610,2.82,1.77,2.05,0.63
192610,6.67,0.52,0.57,0.71
192610,0.52,6.16,-1.37,0.69
192610,3.07,0.9,-3.87,0.67
192610,-4.07,1.47,5.59,0.74
192610,-0.5,-4.29,5.51,0.76
192610,0.92,0.55,1.07,0.76
192610,-3.44,-3.6,5.02,0.76
192610,2.16,2.04,-0.64,0.7
192610,-1.78,-0.28,1.7,0.73
192610,-1.92,-0.42,7.61,0.76
192610,-4.82,-1.69,3.31,0.71
192610,0.63,0.07,0.49,0.73
192610,-0.52,-1.2,1.24,0.81
192610,-5.97,0.04,0.23,0.78
192610,1.82,-0.31,-2.59,0.75
192610,-2.74,-2.22,0.4,0.82
192610,10.28,-0.24,-1.79,0.83
192610,-0.8,0.22,5.29,0.86
192610,-0.84,-1.21,0.48,1
192610,-1.76,-0.62,4.04,0.73
192610,1.84,-0.58,-0.14,0.64
192610,7.99,3.27,-5.38,0.65
192610,1.22,0.76,-0.15,0.58
192610,-0.84,-1.14,4.07,0.62
192610,-0.96,0.16,3.72,0.72
192610,5.09,-2.27,-0.87,0.66
192610,1.27,0.53,0.5,0.55
192610,-0.74,2.85,-1.65,0.62
192610,-1.02,-0.32,2.32,0.55
192610,-4.54,-1.6,1.28,0.6
192610,4.02,-1.57,0.79,0.65
192610,6.48,0.23,-2.88,0.61
192610,3.88,-0.49,-1.51,0.65
192610,0.65,1.2,0.51,0.56
192610,7.13,-0.63,-0.89,0.53
192610,4.88,-0.52,-0.47,0.6
192610,-1.31,2.85,-2.84,0.52
192610,4.62,-1.32,-0.12,0.49
192610,1.03,-0.92,1.37,0.52
192610,-6.45,-3.37,4.78,0.52
192610,6.07,-4.17,3.51,0.46
192610,-8.6,2.28,3.18,0.45
192610,4.66,-2.56,-1.44,0.46
192610,1.17,-1.97,-0.13,0.39
192610,-3.27,0.06,0.3,0.49
192610,12.47,-1.8,-3.17,0.42
192610,4.39,3.49,-5.98,0.43
192610,1.64,0.37,1.64,0.47
192610,-2.11,-1.69,-0.32,0.44
192610,0.11,-0.52,0.12,0.38
192610,3.94,-2.19,1.06,0.48
192610,3.85,-0.63,0.71,0.46
192610,3.52,-0.74,-0.93,0.47
192610,-2.59,0.54,0.28,0.45
192610,-23.24,-8.42,4.23,0.6
192610,-7.77,2.76,3.08,0.35
192610,6.81,0.14,-4.45,0.39
192610,4.21,-0.71,5.17,0.29
192610,4.75,3.35,-1.65,0.46
192610,-2.27,6.14,0.75,0.44
192610,0.56,0.96,1.68,0.46
192610,-0.29,-2.65,2.28,0.51
192610,4.79,2.1,-1.11,0.49
192610,-1.25,-0.2,2.27,0.51
192610,-3.31,0.08,2.08,0.59
192610,3.3,-1.27,-0.69,0.62
192610,1.15,-2.9,1.68,0.61
192610,-2.29,-1.73,1.27,0.57
192610,1.49,1.94,-1.55,0.63
192610,6.1,-2.13,0.53,0.55
192610,-2.25,2.76,0.88,0.61
192610,1.57,0.73,0.48,0.67
192610,4.33,-0.59,-1.47,0.67
192610,3.35,-0.04,-0.83,0.79
192610,-1.35,-1,2.16,0.71
192610,7.2,-4,-2.85,0.7
192610,1.44,0.5,0.75,0.74
192610,-0.76,0.27,-1.31,0.65
192610,-3.67,-3.28,-1.07,0.68
192610,1.03,-1.25,-1.06,0.69
192610,1.16,-2.4,0.24,0.61
192610,-7.85,-1.28,0.83,0.57
192610,1.11,1.02,0.65,0.57
192610,1.83,1.52,-2.9,0.64
192610,-3.36,-0.51,-2.53,0.69
192610,8.42,-2.55,-3.77,0.68
192610,-1.09,1.45,-1.98,0.63
192610,-1.9,-3.2,-0.01,0.68
192610,-10.14,-3.58,1.63,0.66
192610,-6.12,-3.67,0.74,0.6
192610,-1.92,-5.53,0.29,0.68
192610,6.35,0.32,-3.11,0.57
192610,2.46,0.81,-1.56,0.6
192610,4.69,3.8,-1.84,0.52
192610,7.19,3.94,-0.54,0.48
192610,2.65,3.89,-1.24,0.44
192610,-0.28,0.51,1.4,0.53
192610,3.64,-0.34,-0.56,0.47
192610,-4.94,0.07,1.21,0.42
192610,4.24,-0.93,-1.27,0.49
192610,2.32,1.6,-0.8,0.46
192610,-1.59,1.64,-0.98,0.46
192610,1.28,0.9,-0.44,0.42
192610,-4.19,-0.48,-1.91,0.39
192610,10.83,-2.24,-4.04,0.38
192610,-0.59,8.45,4.5,0.34
192610,1.09,0.88,6.36,0.28
192610,-2.65,-1.03,3.66,0.34
192610,1.08,-6.12,4.28,0.32
192610,0.3,0.4,1.27,0.28
192610,-2.34,-3.09,3.41,0.32
192610,3.77,-0.44,-0.53,0.31
192610,-2.38,-0.11,-1.04,0.26
192610,1.19,0.56,-0.21,0.26
192610,1.02,2.04,-2.1,0.23
192610,4.13,3.69,-1.48,0.23
192610,1.53,1.65,2.51,0.28
192610,0.93,2.05,5.89,0.23
192610,0.13,-3.44,6.42,0.22
192610,2.3,0.24,1.24,0.25
192610,-3.05,-0.69,2.61,0.24
192610,2.88,1.96,-3.42,0.22
192610,0.31,-0.3,2.61,0.25
192610,-0.34,0.94,3.24,0.24
192610,3.72,0.31,-0.44,0.25
192610,-0.12,3.13,-0.45,0.26
192610,1.41,1.45,-1.55,0.22
192610,-1.89,-1.43,-0.26,0.25
192610,1.65,1.22,0.57,0.23
192610,2.87,0.13,2.09,0.25
192610,-2.56,2.72,-1.43,0.21
192610,-4.78,-0.97,1.31,0.27
192610,0.68,-0.92,1.66,0.27
192610,0.58,-2.01,0.18,0.31
192610,-3.03,-0.47,1.68,0.31
192610,2.82,-1.77,0.99,0.28
192610,4.01,1.44,-3.45,0.37
192610,-2.31,2.68,-1.78,0.37
192610,1.34,-2.2,-2.36,0.38
192610,-4.04,-0.16,-0.04,0.37
192610,0.86,0.05,0.28,0.44
192610,1.8,-2.95,1.66,0.42
192610,3.63,-0.33,0.39,0.4
192610,2.18,-0.37,-2.04,0.46
192610,2.11,-0.41,1.73,0.44
192610,2.9,-2.25,1.91,0.54
192610,2.72,3.06,-2.97,0.47
192610,3.72,2.23,-2.24,0.45
192610,0.55,1.86,1.96,0.47
192610,3.35,-2.06,-0.93,0.43
192610,-1.52,-3.94,-0.06,0.47
192610,3.95,-0.84,0.32,0.42
192610,1.03,0.37,1.4,0.49
192610,2.26,-2.49,0.39,0.43
192610,1.33,2.05,-2.32,0.39
192610,0.73,1.31,1.27,0.39
192610,2.06,4.84,-4.06,0.46
192610,2.36,3.16,-1.39,0.42
192610,-1.14,-3.64,1.92,0.4
192610,-5.97,-3.59,4.36,0.45
192610,2.76,2.31,-0.58,0.41
192610,5.02,-0.79,-3.75,0.44
192610,0.86,-4.11,4.79,0.42
192610,6.25,-3.6,0.15,0.41
192610,-1.7,3.08,1.01,0.46
192610,4.99,-1.53,-2.36,0.45
192610,-0.49,-2.61,4.67,0.39
192610,-5.03,-0.33,3.85,0.43
192610,4.04,-5.2,-1.03,0.43
192610,6.74,4.83,-4.37,0.49
192610,4.1,1.5,0.76,0.37
192610,7.33,-2.52,-0.13,0.43
192610,-4.15,7.35,1.36,0.41
192610,5.35,2.68,-0.22,0.44
192610,-3.8,-0.79,2.2,0.42
192610,2.98,-5.06,0.98,0.39
192610,1.32,-2.39,3.82,0.48
192610,0.15,-0.93,-2.05,0.43
192610,7.03,0.32,-0.91,0.39
192610,4.76,-1.01,1.25,0.39
192610,0.73,0.48,0.34,0.43
192610,-3.07,-3.54,4.13,0.4
192610,3.18,-3.13,-2.17,0.41
192610,-2.46,-4.92,-1.17,0.4
192610,-16.08,-5.74,5.17,0.43
192610,6.15,-0.2,-3.8,0.46
192610,7.13,-3.2,-2.67,0.32
192610,6.1,1.16,-3.52,0.31
192610,6.16,-0.31,-4.68,0.38
192610,3.5,0.87,-5.6,0.35
192610,-4.08,-5.58,1.62,0.35
192610,3.45,-3.84,-2.89,0.43
192610,4.33,3.2,2.37,0.37
192610,-2.46,3.63,2.67,0.34
192610,4.77,3.48,-4.19,0.4
192610,-3.47,2.22,0.5,0.38
192610,-1.38,-1.3,-0.88,0.39
192610,-2.81,3.15,-2.99,0.39
192610,6.13,-6.86,-3.13,0.39
192610,3.37,7.96,-8.01,0.36
192610,7.72,7.24,-9.4,0.44
192610,-4.74,4.35,0.06,0.41
192610,2.45,22.32,-13.11,0.43
192610,5.2,-16.7,7.97,0.47
192610,-6.4,-7.87,9.29,0.46
192610,-4.42,-5.05,3.87,0.5
192610,4.64,13.72,-10.18,0.4
192610,-2.51,-2.76,8.55,0.48
192610,7.03,-0.94,-1.29,0.5
192610,-5.45,-1.94,6.82,0.51
192610,-2.76,-3.67,4.7,0.56
192610,-10.72,-3.12,12.29,0.51
192610,1.19,1.5,6.11,0.5
192610,3.13,7.08,-5.66,0.54
192610,-10.05,-1.17,13.91,0.38
192610,-7.26,0.54,6.22,0.42
192610,7.94,0.24,-4.38,0.39
192610,0.72,3.05,2.83,0.32
192610,-1.94,6.4,-2.28,0.28
192610,-2.13,-4.15,5.56,0.3
192610,-6.46,2.16,3.28,0.31
192610,-9.25,-6.54,1.82,0.28
192610,2.46,6.86,-7.15,0.22
192610,7.54,0.41,0.69,0.17
192610,1.61,5.13,0.47,0.15
192610,-1.44,1.15,3.39,0.14
192610,-2.29,-1.62,3.89,0.13
192610,4.24,4.31,1.12,0.13
192610,-5.2,5.9,4.21,0.15
192610,-1.38,-3.7,2.55,0.14
192610,-7.21,3.55,1.5,0.13
192610,-8.18,-5.22,-3.62,0.15
192610,0.5,-2.26,2.29,0.14
192610,-10.35,2.75,1.31,0.14
192610,7.84,-2.99,-6.45,0.14
192610,5.96,3.2,-1.59,0.12
192610,-5.76,-0.44,3.88,0.11
192610,-2.57,1.39,-0.82,0.1
192610,-1.88,-0.27,-1.45,0.09
192610,1.09,0.73,-1.58,0.1
192610,8.22,1.11,-0.09,0.1
192610,6.05,4.79,0.09,0.09
192610,1.42,1.5,0.71,0.1
192610,2.35,5.58,-2.04,0.07
192610,2.34,2.65,1.76,0.07
192610,-1.24,0.6,0.93,0.08
192610,6.08,2.89,1.69,0.07
192610,1.35,2.25,1.39,0.07
192610,4.29,-2.8,2.78,0.08
192610,2.15,2.63,1.66,0.07
192610,1.4,-1.19,0.44,0.06
192610,-1.32,1.9,-0.05,0.09
192610,-1.83,-2.57,-1.67,0.08
192610,1.17,-0.19,-0.26,0.06
192610,1.86,2.34,1.63,0.08
192610,-4.06,-3.77,4.56,0.1
192610,0.08,-1.57,1.24,0.11
192610,1.6,2.93,0.47,0.11
192610,1.43,0.39,-0.82,0.11
192610,4.54,4.13,1.94,0.15
192610,3.43,0.19,-0.37,0.16
192610,-2.76,-1.55,2.73,0.16
192610,1.89,-0.68,2.84,0.16
192610,-1.97,-1.36,1.7,0.21
192610,-2.61,-3.97,-0.45,0.21
192610,3.65,2.97,-1.21,0.24
192610,0.57,2.59,2.79,0.23
192610,3.92,2.77,-0.47,0.24
192610,-1.22,-0.85,1.47,0.3
192610,0.49,-0.68,1.11,0.29
192610,-2.02,-1,-0.67,0.27
192610,3.61,0.96,-1.85,0.31
192610,-0.25,-0.5,0.5,0.32
192610,3.04,5.31,1.17,0.35
192610,-0.3,-0.32,-0.85,0.34
192610,1.46,3.54,-0.14,0.37
192610,0.73,-1.25,3.06,0.36
192610,-3.57,-3.03,2.79,0.43
192610,-0.35,-0.55,1.49,0.4
192610,-0.78,-4,3.42,0.4
192610,2.03,0.81,-1.78,0.42
192610,1.84,-1.23,-0.5,0.41
192610,3.23,1.64,0.52,0.41
192610,1.71,0.78,0.53,0.42
192610,0.87,-0.9,2.55,0.4
192610,1.4,0.1,-0.05,0.44
192610,-1.96,1.35,0.23,0.38
192610,0.68,-0.27,0.37,0.43
192610,3.49,-2.07,-0.99,0.44
192610,3.24,-0.03,-0.17,0.41
192610,-1.96,0.75,-1.03,0.4
192610,-3.73,-2.67,-2.99,0.4
192610,0.92,-0.16,-2.32,0.42
192610,3.22,-2.45,-2.11,0.32
192610,1.8,0.11,-2.11,0.32
192610,-4.83,-2.78,-1.02,0.34
192610,-0.87,0.02,-0.01,0.27
192610,-6.36,-0.74,3.05,0.21
192610,-3.09,-0.55,0.01,0.13
192610,-0.93,0.8,0.24,0.17
192610,4.6,-1.52,-0.03,0.18
192610,1.86,3.03,-0.41,0.18
192610,-8.44,1.12,-1.02,0.17
192610,-0.77,3.56,3.64,0.15
192610,1.53,3.67,1.61,0.13
192610,-9.24,-0.32,4.36,0.15
192610,-17.23,-2.3,-2.96,0.08
192610,-7.86,-3.68,-5.02,0.03
192610,1.74,4,-1.19,0
192610,-8.12,-0.99,-9.67,0
192610,-10.1,-0.38,-6.9,0.01
192610,8.95,0.7,2.54,0.02
192610,10.19,5.35,5.22,0.01
192610,5.21,-2.63,0.58,0
192610,0.43,2.67,-2.39,0.01
192610,7.72,2.51,4.73,0.01
192610,3.33,-0.5,7.65,0.01
192610,4.08,2.43,1.35,0.01
192610,-2.59,-4.23,-4.35,0
192610,5.56,-2.61,0.23,0
192610,2.75,5.79,0.72,0.01
192610,-3.36,0.2,0.61,0
192610,3.4,1.44,2.74,0
192610,6.31,1.57,2.01,0.01
192610,2,4.92,3.12,0.01
192610,-7.89,-0.09,-2.32,0.01
192610,-5.56,-2.15,-4.27,0.01
192610,6.93,0.24,0.04,0.01
192610,-4.77,-3.03,-1.51,0.01
192610,9.54,3.84,-2.94,0.01
192610,3.88,1.01,-2.23,0.01
192610,0.6,3.69,-0.58,0.01
192610,6.82,0.85,3.47,0.01
192610,1.99,-2.4,0.68,0.01
192610,3.49,1.62,1.73,0.01
192610,0.45,2.68,-1.16,0.01
192610,2.9,-0.34,-2.15,0
192610,-1.27,-0.68,-2.12,0
192610,-1.75,-0.14,-0.26,0
192610,-2.36,-1.44,-1.18,0
192610,-5.99,-3.3,-1.58,0.01
192610,-7.59,-3.72,-0.98,0
192610,11.35,3.58,-0.96,0
192610,-0.28,-0.24,-0.18,0
192610,0.74,-0.55,1.57,0
192610,5.05,2.51,-2.14,0
192610,4.42,-1.65,0.01,0
192610,3.11,-0.27,-0.06,0
192610,-0.85,-0.63,-0.2,0
192610,-6.19,-0.11,0.08,0.01
192610,3.89,0.81,0.54,0
192610,0.79,-2.6,0.01,0
192610,2.55,0.69,0.6,0.01
192610,2.73,0.5,1.56,0.01
192610,-1.76,-1.07,4.16,0.01
192610,0.78,0.68,-1.12,0.01
192610,1.18,1.61,3.26,0.01
192610,5.57,0.5,1.34,0
192610,1.29,-0.4,0.28,0
192610,4.03,0.88,-0.07,0
192610,1.56,-2.4,0.35,0
192610,2.8,2,1.33,0
192610,-1.2,1.18,-0.4,0
192610,5.65,1.88,0.71,0
192610,-2.71,0.24,-2.48,0
192610,3.77,2.86,-1.57,0
192610,4.18,-1.55,1.36,0
192610,3.12,1.33,-0.38,0
192610,2.81,-0.43,-0.2,0
192610,-3.32,0.83,-1.88,0
192610,4.65,0.32,-0.49,0
192610,0.43,-1.81,4.6,0
192610,-0.19,-4.17,1.62,0
192610,2.06,-1.84,-0.38,0
192610,2.61,2.94,-0.6,0
192610,-2.04,-4.25,0.04,0
192610,4.23,0.5,-0.76,0
192610,-1.97,-3.8,-1.68,0
192610,2.52,4.28,-1.81,0
192610,2.55,-2.08,-3.37,0
192610,-0.06,2.6,1.56,0
192610,-3.11,-0.62,-3.06,0
192610,6.13,0.47,-2.16,0
192610,-1.12,3.14,-0.73,0
192610,0.59,-3.03,2.13,0
192610,1.36,0.95,-1.9,0
192610,-1.53,2.84,-1.04,0
192610,1.54,-4.17,-4.49,0
192610,-6.04,0.43,2.88,0
192610,-3.07,-2.71,0.73,0
192610,7.75,-1.86,-0.32,0
192610,0.56,3.55,-1.23,0
192610,-2.17,-2.99,-2.07,0.01
192610,-5.77,-3.66,3.13,0.01
192610,-0.07,0.73,-0.03,0.02
192610,6.96,0.84,1.3,0.02
,,,,
,,,,
Copyright 2016 Kenneth R. French,,,,
