This file was created by CMPT_ME_RETS using the 201603 CRSP database.  It contains,,,
value- and equal-weighted returns for size portfolios.  Each record contains returns for:,,,
,,,
The portfolios are constructed at the end of June.,,,
,,,
,,,
,,,
  Value Weighted Returns -- Monthly,,,
,Small 30,Med 40,Big 30
192607,0.14,1.59,3.42
192608,3.21,2.77,2.91
192609,-1.74,-0.88,0.8
192610,-2.94,-3.28,-2.79
192611,-0.38,3.73,2.74
192612,4.15,1.51,3.04
192701,1.21,1.59,-0.03
192702,6.41,6.95,4.2
192703,-1.96,-1.51,0.92
192704,3.8,0.3,0.84
192705,9.41,7.18,5.64
192706,-2.34,-1.19,-2.19
192707,4.8,5.29,7.89
192708,-0.36,0.24,2.6
192709,0.92,4.29,5.16
192710,-4.46,-2.5,-4.13
192711,12.82,7.75,6.64
192712,2.15,3.12,2.32
192801,5.14,1.89,-0.87
192802,-2.58,-2.67,-1.11
192803,7.41,6.89,9.43
192804,11.25,6.81,3.83
192805,6.69,1.77,1.44
192806,-8.95,-6.4,-3.95
192807,-0.56,0.93,0.98
192808,3,6.96,7.02
192809,4.74,5.51,2.89
192810,2.37,1.7,1.64
192811,11.91,12.31,12.15
192812,-2.05,1.39,0.37
192901,1.82,2.98,5.52
192902,0.6,1.85,-0.2
192903,-3.52,-4.51,0.34
192904,-0.53,2.47,1.71
192905,-14.49,-8.73,-4.89
192906,6.69,10.06,10.38
192907,-0.1,2.3,5.14
192908,-0.55,2.52,9.43
192909,-5.52,-3.67,-5.08
192910,-22,-21.16,-19.04
192911,-13.8,-12.56,-12.04
192912,-6.37,-0.33,2.18
193001,13.06,7.83,4.89
193002,2.64,1.84,2.92
193003,12.07,8.84,7.4
193004,-3.7,-4.9,-1.85
193005,-5.49,-3.07,-0.94
193006,-19.47,-16.78,-15.29
193007,2.68,4.43,4.32
193008,-3.31,-1.51,0.61
193009,-19.43,-15.3,-12.07
193010,-10.79,-9.67,-8.77
193011,-3.33,-2.02,-2.79
193012,-17.03,-10.82,-7.05
193101,17.23,9.03,5.97
193102,18.58,13.13,10.63
193103,-5.46,-6.26,-6.21
193104,-16.92,-14.3,-9.31
193105,-11.96,-13.17,-13.19
193106,16.24,13.61,14.09
193107,-6.07,-7.4,-6.5
193108,-4.34,-1.3,0.35
193109,-31.67,-29.73,-28.84
193110,5.61,8.79,7.9
193111,-8.91,-8.31,-9.04
193112,-20.88,-13.55,-13.27
193201,6.79,1.03,-1.63
193202,3.53,1.18,6.04
193203,-12.54,-9.62,-11.04
193204,-19.05,-14,-18.05
193205,-16.45,-21.24,-20.43
193206,-2.3,2.38,-1
193207,50.66,38.37,33.32
193208,82.87,56.35,35.33
193209,-12.46,-5.84,-2.55
193210,-20.51,-19.84,-12.54
193211,-10.45,-8.61,-5.6
193212,-10.31,-2.85,5.06
193301,1.29,2.38,1.22
193302,-19.62,-17.2,-15.21
193303,13.41,10.33,2.74
193304,50.65,53.86,37.72
193305,83.87,46.11,18.81
193306,27.51,16.85,12.64
193307,-5.42,-11.41,-9.51
193308,5.36,13.85,12
193309,-17.27,-14.73,-10.14
193310,-12.62,-10.01,-8.02
193311,3.73,7.15,10.3
193312,2.59,2.45,1.73
193401,36.51,25.22,11.3
193402,5.44,-0.2,-2.75
193403,1.65,0.71,-0.05
193404,1.48,-2.43,-1.82
193405,-12.07,-10.05,-6.85
193406,-1.8,0.89,2.87
193407,-24.04,-17.8,-10.09
193408,12.79,8.43,5.19
193409,-2.83,-0.12,-0.09
193410,-1.63,-1.63,-1.63
193411,15.2,12.69,7.98
193412,3.13,2.31,0.14
193501,-4.14,-3.73,-3.39
193502,-7.24,-3.53,-1.75
193503,-11.59,-6.59,-3.23
193504,10.83,7.47,9.11
193505,1.3,1.13,3.74
193506,2.26,5.93,6.03
193507,14.44,10.11,7.21
193508,13.72,5.3,2.32
193509,1.98,2.71,2.6
193510,10.27,7.93,6.88
193511,21.65,8.24,4.43
193512,5.1,8.02,4.11
193601,21.03,10.62,6.35
193602,6.89,3.57,2.38
193603,1.56,2.45,0.87
193604,-17.03,-11.21,-7.57
193605,4.56,5.51,5.21
193606,-1.67,0.31,2.81
193607,7.62,9,6.43
193608,1.08,2.96,0.81
193609,4.34,2.85,0.81
193610,6.65,5.44,7.48
193611,12.03,7.55,2.68
193612,3.42,3.18,-0.2
193701,11.46,6.17,2.9
193702,4.68,2.82,0.89
193703,0.22,0.49,-0.42
193704,-13.87,-9.17,-6.98
193705,-3.64,-1.96,-0.51
193706,-10.7,-6.76,-3.74
193707,10.49,9.27,8.88
193708,-5.59,-5.04,-4.9
193709,-22.75,-20.09,-12.69
193710,-10.48,-11.02,-9.43
193711,-13.35,-10.54,-7.94
193712,-14.14,-10.52,-3.54
193801,6.16,3.37,0.13
193802,4.65,6.39,5.82
193803,-30.19,-27.27,-23.42
193804,21.01,17.84,14.03
193805,-7.53,-6.76,-3.55
193806,28.55,29.5,23.53
193807,15.69,12.29,6.77
193808,-8.8,-5.22,-2.34
193809,-3.23,-1.5,1.1
193810,18.33,13.82,7.1
193811,-5.52,-3.29,-1.51
193812,1.22,5.4,4.03
193901,-9.4,-8.51,-5.65
193902,4.1,5.06,3.33
193903,-20.94,-19.43,-11.06
193904,1.29,-0.21,-0.32
193905,8.58,10.22,6.48
193906,-9.44,-8.01,-5.02
193907,13.38,15.61,9.67
193908,-13.1,-11.61,-6.15
193909,56.5,31.38,15.17
193910,-5.06,-0.59,-0.45
193911,-13.17,-7.97,-3.05
193912,-0.05,3.85,2.99
194001,-2.67,-2.36,-2.39
194002,4.9,3.25,1.22
194003,3.41,3.16,1.91
194004,5.48,2.3,-0.1
194005,-30.75,-28.1,-21.2
194006,5.57,7.05,6.7
194007,2.69,4.75,3.04
194008,2.99,2.58,2.14
194009,4.14,4.07,2.22
194010,5.48,5.45,2.76
194011,0.52,0.26,-1.82
194012,-2.58,-0.5,0.87
194101,-0.87,-3.81,-4.24
194102,-2.02,-2.08,-1.37
194103,2.94,0.93,0.81
194104,-5.77,-5.88,-5.41
194105,1.52,1.17,1.43
194106,7.56,6.16,5.78
194107,16.22,11.3,5.23
194108,-0.36,-0.75,-0.09
194109,-3.02,-1.48,-0.76
194110,-5.5,-5.89,-5.18
194111,-5.02,-1.96,-1.88
194112,-11.48,-6.33,-4.66
194201,15.45,6.51,0.09
194202,-2.08,-1.25,-2.58
194203,-5.12,-4.55,-6.8
194204,-4.33,-5.09,-4.26
194205,1.05,2.68,6.39
194206,1.4,1.97,2.81
194207,4.62,4.11,3.46
194208,3.21,2.12,1.78
194209,5.79,2.92,2.55
194210,11.77,9.85,6.47
194211,-2.29,-1.41,0.38
194212,2.04,4.09,5.3
194301,22.1,11.8,6.47
194302,17.49,9.44,5.64
194303,15.2,10.09,5.41
194304,6.74,3.99,0.36
194305,12.7,7.81,5.36
194306,0.08,0.9,2
194307,-7.75,-6.89,-4.43
194308,-0.7,0.97,1.41
194309,4.13,3.44,2.26
194310,-0.32,-0.3,-1.17
194311,-10.33,-8.42,-5.52
194312,11.14,9.9,5.95
194401,5.94,3.64,1.49
194402,2.22,0.79,0.34
194403,5.8,3.93,2.26
194404,-3.59,-2.84,-1.47
194405,7.04,6.89,4.74
194406,12.9,9.38,4.98
194407,-1.64,-1.18,-1.49
194408,3.14,3.16,1.36
194409,0.41,-0.07,0.04
194410,0.41,-0.56,0.28
194411,3.35,1.85,1.69
194412,7.98,7.12,3.55
194501,5.68,3.51,1.78
194502,9.26,8.64,5.84
194503,-7.08,-5.3,-3.58
194504,8.79,9.61,7.59
194505,3.98,2.72,1.55
194506,6.13,3.41,-0.18
194507,-3.81,-3.4,-1.9
194508,6.59,6.97,6.12
194509,6.6,6.77,4.46
194510,8,5.54,3.55
194511,11.46,9.09,4.63
194512,3.17,2.84,0.9
194601,12.57,8.63,5.67
194602,-7.03,-6.95,-5.46
194603,3.83,8,5.69
194604,7.08,5.68,3.97
194605,5.26,6.11,3.56
194606,-5.4,-5.65,-3.53
194607,-5.52,-4.07,-2.32
194608,-8.62,-7.84,-6.1
194609,-15.41,-13.19,-9.37
194610,-1.74,-1.47,-1.47
194611,-0.63,0.14,-0.01
194612,3.9,5.74,4.91
194701,4.3,1.86,1.11
194702,0.18,-0.82,-1.12
194703,-4.13,-2.55,-1.39
194704,-8.7,-7.94,-4.15
194705,-5.16,-3.27,-0.51
194706,5.36,5.5,5.28
194707,7.83,6.2,3.76
194708,-2.39,-0.72,-1.84
194709,1.4,0.49,-0.66
194710,4.03,3.32,2.36
194711,-3.56,-2.72,-1.7
194712,1.68,2.23,3.24
194801,-1.12,-2.16,-4.19
194802,-6.86,-6.08,-4
194803,9.73,9.44,7.94
194804,4.1,4.26,3.57
194805,9.21,8.51,7.27
194806,-0.59,-1.55,0.24
194807,-5.68,-5.19,-4.96
194808,-1.04,0.08,0.42
194809,-4.5,-4.27,-2.68
194810,5.33,5.15,6.15
194811,-11.65,-10.73,-8.99
194812,-0.22,1.75,3.62
194901,2.76,1.06,0.17
194902,-4.89,-3.75,-2.68
194903,6.66,6.02,3.81
194904,-2.71,-3.54,-1.5
194905,-5.81,-3.54,-2.68
194906,-1.3,-1.23,0.44
194907,5.93,6.69,5.48
194908,2.21,2.77,2.71
194909,4.36,4.43,2.98
194910,5.2,3.13,3.22
194911,-0.29,1.65,2.01
194912,8.12,6.98,4.89
195001,5.26,3.69,1.42
195002,2.61,1.24,1.55
195003,-0.87,-0.2,1.63
195004,5.92,5.09,3.97
195005,2.32,3.24,4.68
195006,-9.25,-7.25,-5.52
195007,7.83,4.03,0.96
195008,4.74,4.99,4.94
195009,4.56,6.01,4.77
195010,-0.54,-0.49,0.03
195011,3.5,3.42,2.77
195012,11.63,7.93,5.18
195101,8.74,7.45,5.53
195102,0.56,1,1.65
195103,-4.94,-3.63,-1.74
195104,4.1,4.47,5.11
195105,-3.48,-2.14,-2.23
195106,-6.6,-5.21,-2.04
195107,5.64,6.47,7.2
195108,5.48,4.45,4.37
195109,3.22,2.28,0.56
195110,-2.43,-2.64,-2.34
195111,0.07,1.45,0.58
195112,0.35,1.54,3.8
195201,1.66,1.55,1.63
195202,-2.53,-1.75,-2.62
195203,2.44,2.81,4.88
195204,-4.82,-4.24,-4.94
195205,1.76,2.72,3.44
195206,3.04,3.25,4.13
195207,1.11,0.9,1.08
195208,0.42,0.24,-0.76
195209,-1.37,-1.53,-1.93
195210,-1.19,-1.11,-0.43
195211,5.15,5.55,6.13
195212,2.18,2.64,3.17
195301,3.98,2.19,-0.59
195302,2.08,1.07,-0.35
195303,-1.7,-0.97,-1.3
195304,-2.07,-2.32,-2.74
195305,0.77,0.63,0.72
195306,-4.02,-2.93,-1.5
195307,1.29,1.66,2.69
195308,-5.98,-4.85,-4.25
195309,-2.27,-0.78,0.58
195310,2.76,4.17,4.84
195311,2.04,2.23,3
195312,-2.54,-1.18,0.38
195401,7.56,6.51,5.04
195402,0.98,1.78,1.73
195403,2.87,2.95,3.86
195404,0.64,1.66,4.82
195405,3.86,4.23,3.01
195406,1.1,1.52,1.09
195407,8.88,6.81,4.76
195408,0.2,-1.33,-2.47
195409,4.03,4.35,6.82
195410,-0.39,-0.47,-1.77
195411,8.46,9.36,9.48
195412,10.82,7.82,5.2
195501,2.16,1.61,0.51
195502,5.38,4.51,2.84
195503,-0.13,0.03,-0.08
195504,2.51,1.94,3.44
195505,0.49,0.63,1.19
195506,3.81,3.04,7.28
195507,1.62,0.52,2.19
195508,0.22,0.88,0.33
195509,-0.3,-1.02,-0.08
195510,-1.36,-1.47,-2.61
195511,4.19,6,7.4
195512,2.23,2.25,1.58
195601,-1.05,-2.83,-2.84
195602,3.16,3.48,4.07
195603,4.61,5.18,7.05
195604,0.79,0.62,0.48
195605,-4.47,-3.91,-5.1
195606,1.38,2.78,3.82
195607,3.6,4.23,5.17
195608,-1.18,-1.86,-3.18
195609,-2.51,-3.49,-5.16
195610,0.7,1.02,0.75
195611,0.35,0.97,0.52
195612,1.86,2.86,3.51
195701,2.03,-0.41,-3.8
195702,-2.33,-2.34,-1.77
195703,1.67,2.66,2.33
195704,2.29,2.3,4.85
195705,1.32,2.4,3.93
195706,0.43,-0.93,-0.5
195707,0.78,0.5,1.01
195708,-4.29,-5.35,-4.8
195709,-4.68,-5.35,-5.79
195710,-7.5,-5.89,-3.73
195711,0.37,2.72,2.58
195712,-4.94,-4.2,-3.59
195801,12.01,9.7,4.28
195802,-1.08,-0.42,-1.56
195803,3.8,3.77,3.3
195804,3.72,2.45,3.27
195805,3.94,4.05,2.17
195806,3.38,2.87,2.99
195807,5.51,5.63,4.3
195808,3.27,3.08,1.79
195809,5.48,5.41,4.77
195810,3.22,3.44,2.62
195811,5.58,3.73,3
195812,3.28,3.99,5.58
195901,6.65,3.49,0.49
195902,3.53,3.3,0.83
195903,2.48,1.37,0.4
195904,1.97,3.76,3.94
195905,0.34,1.18,2.14
195906,0.31,1.54,-0.16
195907,2.95,3.07,3.47
195908,-1.02,-1.36,-1.18
195909,-4.36,-4.7,-4.47
195910,1.74,2.2,1.47
195911,0.7,1.78,1.88
195912,2.96,2.04,2.91
196001,-2.45,-4.96,-6.94
196002,1.06,1.03,1.5
196003,-2.91,-2.47,-1.11
196004,-2.16,-1.83,-1.52
196005,1.95,2.81,3.29
196006,2.03,2.44,2.34
196007,-1.98,-2.12,-2.25
196008,3.79,3.71,3.1
196009,-5.97,-6.06,-5.79
196010,-3.13,-2.32,-0.2
196011,3.36,5.31,4.79
196012,3.59,3.82,5.01
196101,8.67,8.43,6.14
196102,7.12,6.46,3.29
196103,7.25,5.13,2.71
196104,1.99,0.65,0.38
196105,4.22,3.87,2.4
196106,-5.1,-4.11,-2.61
196107,0.41,1.04,3.32
196108,0.82,1.8,2.83
196109,-3.6,-2.66,-1.85
196110,1.82,2.13,2.86
196111,5.8,4.85,4.6
196112,-0.25,-0.67,0.1
196201,1.39,-1.91,-3.9
196202,1.49,1.63,2.06
196203,-0.27,-0.86,-0.46
196204,-7.12,-6.43,-6.33
196205,-9.99,-10.01,-8.1
196206,-8.27,-7.88,-8.3
196207,7.5,5.93,6.6
196208,3.29,3.06,2.21
196209,-7.02,-6.02,-4.77
196210,-3.35,-2.07,0.79
196211,14.68,13.44,10.8
196212,-2.04,-0.92,1.74
196301,10.17,6.84,4.78
196302,-0.77,-1.71,-2.27
196303,1.94,1.65,3.67
196304,4.24,3.83,4.9
196305,4.25,3.16,1.87
196306,-1.38,-1.84,-1.82
196307,-0.84,-1.37,0.06
196308,3.62,5.39,5.39
196309,-1.27,-2.1,-1.18
196310,1.33,1.59,3.06
196311,-1.5,-1.01,-0.48
196312,-1,1.37,2.34
196401,3.54,1.31,2.73
196402,2.6,2.71,1.69
196403,2.97,3.29,1.5
196404,-0.48,-0.27,0.53
196405,1.02,1.74,1.68
196406,1.15,1.49,1.56
196407,3.32,2.19,1.98
196408,-0.63,-0.85,-1.19
196409,3.94,3.25,2.91
196410,1.85,1.67,0.72
196411,0.33,0.04,0.31
196412,-1.59,-0.35,0.48
196501,7.14,5.58,3.55
196502,3.21,3.4,0.3
196503,1.9,0.17,-1.27
196504,4.3,4.03,3.27
196505,-0.93,-0.54,-0.35
196506,-9.39,-8.13,-4.54
196507,3.13,3.14,1.5
196508,4.21,5.14,2.78
196509,2.67,3.42,3.18
196510,6.84,4.72,2.56
196511,4.86,4.37,-0.39
196512,4.54,3.23,0.94
196601,7.39,3.63,0.43
196602,4.43,1.8,-1.51
196603,-1.44,-2.65,-2.06
196604,6.86,3.67,2.02
196605,-10.92,-8.01,-4.46
196606,0.36,-0.23,-1.28
196607,-1.68,-1.33,-1.22
196608,-10.92,-9.19,-7.1
196609,-1.94,-1.31,-0.5
196610,-2.88,0.83,5.17
196611,4.35,4.88,1.23
196612,2.07,2.19,0.21
196701,18.84,13.25,7.41
196702,4.92,1.75,0.82
196703,6.81,5.75,4.04
196704,4.35,4.13,4.22
196705,-0.82,-1.2,-4.55
196706,10.74,5.56,1.76
196707,9.43,6.13,4.45
196708,0.6,0.04,-0.77
196709,7.42,4.15,3.04
196710,-2.29,-3.1,-2.64
196711,0.04,1.21,0.69
196712,10.42,5.79,2.49
196801,2.56,-2.22,-4.19
196802,-6.53,-4.8,-2.7
196803,-1.19,0.12,0.82
196804,16.39,12.35,8.31
196805,11.25,5.76,1.53
196806,0.45,1.39,1.16
196807,-2.61,-4.65,-1.81
196808,4.3,2.46,1.49
196809,7.06,6.47,3.83
196810,0.48,1.08,0.86
196811,7.55,8.09,5.37
196812,1.31,-2.31,-4.17
196901,-0.61,-1.59,-0.63
196902,-9.63,-7.8,-4.31
196903,2.94,1.98,3.38
196904,0.93,1.42,2.26
196905,0.88,-0.06,0.35
196906,-12.95,-10.25,-5.24
196907,-10.9,-8.11,-5.9
196908,5.17,6.1,5
196909,-2.53,-1.11,-2.59
196910,9.88,7.87,4.9
196911,-6.13,-4.31,-2.95
196912,-7.51,-3.08,-1.34
197001,-4.19,-6.59,-7.75
197002,3.39,4.35,6.09
197003,-3.39,-1.11,-0.1
197004,-17.81,-14.45,-9.18
197005,-9.49,-10.01,-5.55
197006,-8.19,-6.07,-4.81
197007,5.7,7.85,7.46
197008,6.89,6.17,4.78
197009,15.19,9.14,3.45
197010,-7.47,-4.33,-1.09
197011,-0.56,3.98,5.58
197012,8.77,8.67,5.67
197101,14.36,8.2,4.18
197102,4.59,2.49,1.42
197103,5.76,5.81,4.05
197104,2.51,4.27,3.51
197105,-5.74,-3.32,-3.65
197106,-2.23,-0.23,0.55
197107,-6.25,-4.59,-3.93
197108,4.52,5.51,4.05
197109,-0.55,-0.49,-0.47
197110,-6.21,-5.09,-3.72
197111,-4.41,-1.52,0.41
197112,13.1,11.28,8.53
197201,11.3,5.21,1.84
197202,3.97,3.6,2.92
197203,-0.26,0.93,0.91
197204,0.66,0.46,0.57
197205,-2.73,0.62,2.01
197206,-3.22,-2.68,-1.95
197207,-4.02,-2.74,0.07
197208,0.06,2.42,3.92
197209,-3.98,-2.78,-0.31
197210,-2.13,-0.56,1.28
197211,5.11,6.32,4.74
197212,-2.36,-0.78,1.42
197301,-4.22,-6.32,-1.98
197302,-8.38,-7.02,-3.55
197303,-2.53,-2.64,-0.29
197304,-7.25,-6.92,-4.22
197305,-8.95,-6.47,-1.3
197306,-3.18,-3.11,-0.59
197307,12.63,9.79,4.55
197308,-5.4,-2.84,-3.07
197309,8.65,10.27,4.44
197310,-0.53,-0.19,-0.21
197311,-18.85,-17.2,-10.74
197312,-3.36,0.33,1.56
197401,11.74,5.44,-1
197402,0.33,0.02,0.08
197403,0.29,-2.01,-2.5
197404,-5.85,-5.97,-4.29
197405,-7.44,-7.89,-2.88
197406,-2.89,-3.49,-1.92
197407,-5.44,-4.41,-7.93
197408,-8.31,-8.87,-8.76
197409,-8.22,-8.44,-11.4
197410,8.76,12.41,17.81
197411,-5.09,-3.67,-4
197412,-7.45,-5.17,-2.08
197501,26.94,22.76,12.25
197502,4.84,4.03,6.37
197503,7.37,5.88,2.39
197504,3.55,4.62,4.7
197505,7.98,6.67,5.31
197506,7.1,5.93,5.01
197507,-1.38,-4.14,-6.72
197508,-5.82,-3.9,-1.92
197509,-3.39,-3.97,-3.65
197510,1.76,3.68,6.46
197511,2.22,3,3.18
197512,-1.11,-0.24,-1.28
197601,19.31,16.31,11.63
197602,10.48,5.49,-0.72
197603,1.44,1.62,2.91
197604,-1.2,-1.03,-1.06
197605,-2.32,-1.42,-0.79
197606,2.56,5.04,4.62
197607,0.2,-0.03,-0.74
197608,-1.83,-1.22,0.22
197609,2.02,2.53,2.44
197610,-1.95,-2.05,-2.07
197611,3.35,3.63,0.09
197612,10.04,8.26,5.45
197701,3.77,-0.66,-4.68
197702,-0.2,-1.57,-1.69
197703,0.64,0.26,-1.3
197704,2,1.65,0.16
197705,0.2,-0.24,-1.28
197706,6.04,6.05,4.88
197707,0.99,-0.77,-1.5
197708,-0.37,-1.03,-1.4
197709,1.42,0.58,-0.03
197710,-2.38,-2.67,-4.18
197711,8.2,6.93,3.72
197712,2.53,1.36,0.5
197801,-1.49,-4.69,-6
197802,2.73,0.95,-1.61
197803,7.2,5.42,2.57
197804,8.23,7.47,8.67
197805,6.93,4.61,1.37
197806,0.54,0.18,-1.64
197807,5.51,5.76,5.61
197808,8.77,6.65,3.35
197809,-0.65,-1.45,-0.64
197810,-20.57,-16.55,-9.04
197811,5.59,4.45,3.05
197812,1.93,1.95,1.62
197901,9.4,6.91,4.12
197902,-2.1,-2.71,-2.94
197903,8.73,8.78,5.75
197904,2.49,2.18,0.29
197905,-0.77,-1.37,-1.42
197906,5.77,5.71,4.35
197907,2.49,3.49,1.09
197908,7.61,7.43,5.88
197909,-0.65,-0.11,0.09
197910,-10.85,-9.21,-6.42
197911,7.87,8.26,5.68
197912,7.25,4.79,1.82
198001,9.32,6.54,5.94
198002,-1.03,-2.6,0.17
198003,-18.4,-15.54,-9.99
198004,6.19,6.54,4.73
198005,7.37,8.57,5.42
198006,4.44,4.96,3.24
198007,10.1,9.43,6.2
198008,7.27,4.32,1.52
198009,3.96,3.14,2.88
198010,4.6,1.97,1.74
198011,7.77,8.33,11.49
198012,-4.19,-2.47,-3.14
198101,-0.63,-2.05,-4.91
198102,0.03,1.91,1.88
198103,7.64,8.1,3.42
198104,3.38,1.84,-2.05
198105,3.47,2.98,0.56
198106,-1.74,-2.18,-0.4
198107,-2.55,-1.83,0.38
198108,-8.12,-6.29,-5.33
198109,-9.1,-6.4,-5.5
198110,7.96,7.09,5.75
198111,2.61,3.73,4.77
198112,-1.72,-2.04,-3.04
198201,-2.19,-4.22,-2
198202,-4.52,-4.2,-5.22
198203,-1.01,-0.58,-0.88
198204,5.32,5.23,4.17
198205,-2.08,-3.21,-2.79
198206,-2.86,-2.25,-1.96
198207,-1.89,-1.57,-2.27
198208,6.21,10.91,12.58
198209,3.83,3.44,1.26
198210,14.28,14.29,11.03
198211,9.63,8.19,4.17
198212,1.7,0.56,1.38
198301,8.86,4.52,3.67
198302,5.7,4.84,2.54
198303,5.02,3.97,3.21
198304,8.01,7.14,7.32
198305,8.41,4.36,-0.54
198306,4.19,4.32,3.61
198307,-2.16,-3.36,-3.45
198308,-3.58,-2.12,1.47
198309,0.7,3.19,1.42
198310,-6.01,-4.93,-1.57
198311,3.42,4.9,2.16
198312,-1.49,-1.74,-0.69
198401,-0.48,-3.15,-0.6
198402,-5.49,-5.55,-3.4
198403,0.81,1.48,1.16
198404,-1.27,-0.3,0.81
198405,-4.94,-5.43,-5.04
198406,2.05,3.5,2.85
198407,-4.86,-3.55,-1.13
198408,10.1,12.11,11
198409,-0.41,-0.03,0.17
198410,-1.77,-0.73,0.61
198411,-2.78,-0.84,-0.86
198412,1.37,2.43,2.64
198501,12.82,10.88,7.51
198502,3.17,1.39,1.74
198503,-1.68,-0.92,0.2
198504,-0.79,-0.41,-0.12
198505,3.32,4.78,6.29
198506,1.69,2.5,1.68
198507,2.69,1.42,-0.81
198508,-0.55,-0.53,-0.43
198509,-5.69,-5.04,-3.39
198510,2.89,4.11,4.99
198511,6.35,7.46,7.03
198512,4.18,3.98,4.75
198601,2.91,1.95,0.68
198602,7.08,7.33,7.83
198603,4.7,5.94,5.44
198604,1.43,0.36,-1.31
198605,3.71,4.89,5.42
198606,0.92,0.99,1.82
198607,-8.77,-7.54,-5.22
198608,1.51,5.85,7.26
198609,-6.49,-6.41,-8.74
198610,2.55,4.1,5.65
198611,-0.74,0.21,2.13
198612,-3.38,-2.56,-2.75
198701,11.25,12.37,13.08
198702,7.75,6.71,3.98
198703,2.56,1.52,2.16
198704,-2.1,-2.35,-1.47
198705,-0.25,0.27,0.73
198706,1.78,3.17,5.08
198707,2.49,4.29,4.54
198708,2.33,3.57,4.2
198709,-2,-1.84,-2.22
198710,-29.41,-27.14,-20.77
198711,-5.11,-4.38,-8.25
198712,4.63,8.81,6.98
198801,5.85,3.8,4.68
198802,6.65,7.98,4.39
198803,4.23,1.66,-3.18
198804,1.79,0.91,0.94
198805,-2.35,-0.83,0.78
198806,6.01,6.91,4.75
198807,-0.19,-1.79,-0.53
198808,-2.24,-2.3,-2.88
198809,2.16,3,4.28
198810,-1.2,0.03,2.5
198811,-3.75,-2.19,-1.43
198812,3.22,2.99,1.85
198901,4.97,5.35,7.04
198902,0.7,0.33,-2.3
198903,2.25,1.69,2.35
198904,3.39,5.32,5.15
198905,3.26,4.33,4.16
198906,-1.61,-1.02,-0.42
198907,3.53,5.43,8.8
198908,2.44,3.51,1.88
198909,0.17,-0.44,-0.02
198910,-5.62,-5.18,-2.29
198911,0.04,0.93,2.03
198912,-0.62,0.74,2.24
199001,-7.5,-7.96,-7.01
199002,2.75,2.29,1.44
199003,3.34,3.14,2.25
199004,-2.51,-4.25,-2.39
199005,6.22,8.09,9.44
199006,0.19,-0.25,-0.61
199007,-4.24,-3.1,-0.6
199008,-13.19,-11.37,-8.86
199009,-8.93,-7.54,-4.89
199010,-6.36,-4.2,-0.36
199011,4.42,8.46,6.77
199012,1.38,4.77,2.84
199101,8.06,7.3,4.64
199102,11.86,9.95,7.06
199103,7.5,4.53,2.58
199104,0.85,0.24,0.24
199105,3.83,4.33,4.07
199106,-4.39,-4.09,-4.56
199107,3.47,4.98,4.76
199108,3.2,3.55,2.62
199109,1.3,-0.52,-1.4
199110,3.35,1.95,1.52
199111,-4.25,-4.24,-3.6
199112,5.91,10.42,11.63
199201,11.25,3.69,-1.84
199202,3.51,2.44,0.98
199203,-3.37,-2.68,-2.08
199204,-4.82,-1.45,2.62
199205,0.14,0.89,0.63
199206,-4.64,-3.03,-1.62
199207,3.33,4.11,4.15
199208,-2.97,-2.59,-1.98
199209,2.01,1.98,1.29
199210,2.82,3.2,0.73
199211,8.8,6.27,3.61
199212,3.46,3.39,1.36
199301,4.64,1.94,0.63
199302,-3.21,-1.16,1.02
199303,3.03,3.81,2.23
199304,-2.7,-2.66,-2.84
199305,4.61,4.13,2.75
199306,0.41,0.91,0.41
199307,1.27,0.57,-0.33
199308,4.26,4.38,3.82
199309,2.93,1.78,-0.43
199310,4.33,0.88,1.58
199311,-3.14,-3.22,-1.14
199312,1.65,4.2,1.33
199401,3.99,2.62,3.05
199402,-0.77,-0.59,-2.87
199403,-5.65,-4.84,-4.21
199404,-0.7,0.64,1.19
199405,-0.94,-1.28,1.62
199406,-3.26,-2.66,-2.58
199407,1.17,3.14,3.24
199408,4.39,5.8,4.11
199409,1.14,-1.13,-2.42
199410,0.19,0.43,2.21
199411,-3.69,-4.9,-3.36
199412,-0.06,2.18,1.25
199501,1.19,-0.13,2.83
199502,3.25,5.02,3.91
199503,2.34,2.43,2.71
199504,2.58,1.94,2.71
199505,2.08,1.75,3.97
199506,6.48,4.87,2.45
199507,6.19,6.28,3.61
199508,3.26,1.53,0.75
199509,2.17,1.99,4.34
199510,-5.34,-2.64,-0.42
199511,2.72,4.77,4.43
199512,2.23,1.6,1.48
199601,0.57,0.01,3.39
199602,3.19,3.3,1.37
199603,2.44,2.62,0.79
199604,7.58,4.34,1.52
199605,6.47,2.39,2.48
199606,-4.1,-3.05,0.28
199607,-10.07,-7.76,-4.72
199608,4.82,6.15,2.48
199609,3.45,4.46,5.77
199610,-1.81,-1.25,2.1
199611,2.64,4.48,7.5
199612,1.83,0.87,-1.83
199701,4.31,2.5,6.11
199702,-2.81,-1.6,0.51
199703,-5.3,-4.88,-4.43
199704,-2.65,1.54,5.64
199705,10.97,10.18,6.35
199706,5.72,4.44,4.29
199707,4.66,6.23,8.22
199708,4.11,1.43,-5.09
199709,9.17,6.94,5.35
199710,-3.77,-4.34,-3.11
199711,-1.85,-0.19,4.43
199712,-0.92,2.12,2
199801,-0.62,-1.15,0.99
199802,6.68,8.27,7.32
199803,4.92,4.8,5.17
199804,1.89,0.95,1.26
199805,-4.84,-5.19,-1.85
199806,-0.57,1.06,4.32
199807,-6.72,-7.04,-1.14
199808,-21.52,-19.51,-14.69
199809,4.71,6.36,6.6
199810,2.65,5.5,7.98
199811,7.77,5.62,6.38
199812,3.75,6.42,6.63
199901,4.19,0.29,3.97
199902,-7.11,-6.81,-3.24
199903,-1.91,2.22,4.04
199904,9.67,8.67,3.86
199905,1.92,1.28,-2.2
199906,7.04,5.22,5.06
199907,0.46,-1.59,-3.35
199908,-3.54,-3.72,-0.5
199909,-0.81,-0.32,-2.8
199910,-0.75,3.04,6.79
199911,10.17,6.35,2.66
199912,12.56,10.68,6.58
200001,4.06,-3.74,-4.43
200002,24.23,13.55,-0.3
200003,-8.85,-1.23,9.37
200004,-14.09,-5.67,-3.84
200005,-8.6,-4.42,-2.71
200006,17.54,6.51,3.16
200007,-1.73,-3.56,-1.77
200008,5.94,7.37,7.68
200009,-3.54,-4.17,-4.84
200010,-6.36,-4.54,-1.75
200011,-9.66,-9.73,-9.7
200012,2.5,8.75,1.16
200101,13.74,4.28,3.19
200102,-4.83,-6.4,-9.65
200103,-3.06,-6.09,-6.99
200104,6.25,8.31,8.12
200105,8.36,2.81,0.72
200106,4.88,2.24,-2.19
200107,-4.44,-3.84,-1.49
200108,-3.68,-4.31,-6.41
200109,-13.98,-13.61,-8.21
200110,6.3,6.62,2.2
200111,7.65,8.14,7.89
200112,7.43,6.15,0.99
200201,0.31,-1.27,-1.62
200202,-4.02,-2.09,-2.14
200203,8.65,7.19,3.93
200204,1.65,-0.66,-6.14
200205,-3.25,-3.17,-0.86
200206,-2.59,-6.67,-7.48
200207,-14.9,-11.59,-7.24
200208,-0.99,1.04,0.75
200209,-7.75,-8.29,-10.52
200210,3.48,4.5,8.68
200211,11.21,8.51,5.54
200212,-5.78,-5.33,-5.74
200301,-1.37,-2.36,-2.75
200302,-2.86,-2.55,-1.78
200303,1.11,1.04,1.1
200304,10,9.41,8.13
200305,12.8,9.65,5.51
200306,4.09,2,1.24
200307,8.21,4.76,1.77
200308,4.97,5.24,1.94
200309,0.55,-1.87,-1.16
200310,9.08,8.24,5.66
200311,4.11,3.39,1.05
200312,2.43,2.19,4.87
200401,6.28,3.38,1.79
200402,0.12,1.95,1.48
200403,-0.21,0.63,-1.54
200404,-4.81,-3.53,-1.3
200405,0.33,2.01,1.21
200406,4.16,3.4,1.6
200407,-7.88,-5.63,-3.49
200408,-1.1,-0.96,0.37
200409,4.93,4.16,1.17
200410,2,2.18,1.4
200411,9.15,7.14,4.11
200412,4.5,4.01,3.49
200501,-4.13,-2.57,-2.42
200502,1.05,2.88,2.05
200503,-3.42,-1.63,-1.6
200504,-6.36,-4.7,-1.84
200505,6.11,6.23,3.31
200506,4.33,3.11,0.16
200507,7.26,5.7,3.73
200508,-1.44,-1.08,-0.86
200509,0.47,0.84,0.78
200510,-2.97,-3.13,-1.44
200511,4.69,4.77,3.78
200512,0.38,0.49,0
200601,9.35,6.59,2.43
200602,0.08,-0.53,0.11
200603,4.95,3.6,1.36
200604,0.56,0.92,1.17
200605,-5.48,-4.6,-2.56
200606,-0.53,-0.29,0.17
200607,-3.76,-3.96,0.36
200608,3.07,2.14,2.38
200609,0.88,1.32,2.49
200610,5.86,4.5,3.35
200611,2.48,3.71,1.92
200612,1.16,0.38,1.36
200701,1.46,2.88,1.7
200702,-0.54,0.27,-1.95
200703,0.85,1.55,1.14
200704,1.67,3.55,4.33
200705,3.08,4.79,3.5
200706,-0.58,-1.23,-1.65
200707,-6.71,-4.9,-2.86
200708,0.76,0.22,1.53
200709,1.24,2.49,3.85
200710,1.6,2.54,1.96
200711,-8.27,-5.95,-3.96
200712,-0.55,-0.9,-0.53
200801,-7.51,-5.8,-6.02
200802,-3.53,-2.3,-2.9
200803,-0.53,-1.23,-0.57
200804,2.08,6.2,4.61
200805,4.18,5.25,1.5
200806,-8.58,-7.12,-8.36
200807,4.4,0.15,-1.16
200808,3.82,3.29,1.19
200809,-8.01,-10.26,-9.04
200810,-20.92,-20.75,-16.39
200811,-12.98,-10.23,-7.17
200812,4.96,4.55,1.21
200901,-10.8,-8.26,-7.79
200902,-12.31,-10.18,-9.68
200903,9.57,10,8.57
200904,16.44,14.92,9.09
200905,4.15,2.83,5.54
200906,3.7,0.8,0.19
200907,10.46,9.41,7.41
200908,4.38,3.8,3.21
200909,7.17,6.25,3.71
200910,-8.22,-5.51,-1.65
200911,2.39,4.27,5.92
200912,8.85,6.85,1.99
201001,-3.11,-3.34,-3.41
201002,5.02,4.78,3.14
201003,8.27,7.87,5.86
201004,7.45,4.89,1.18
201005,-8.11,-7.49,-7.9
201006,-8.27,-7.23,-5.12
201007,6.37,7,6.97
201008,-8.48,-5.97,-4.37
201009,12.19,12.05,9.07
201010,4.79,3.27,3.89
201011,3.72,3.4,0.12
201012,9.04,7.51,6.49
201101,-0.61,1.76,2.3
201102,5.21,4.97,3.3
201103,2.93,2.65,0.04
201104,1.42,3.15,3
201105,-2.95,-1.22,-1.19
201106,-2.4,-1.61,-1.69
201107,-3.26,-4.08,-2.04
201108,-10.35,-8.23,-5.45
201109,-11.19,-11.01,-6.9
201110,14.27,15.08,10.73
201111,-1.02,-0.03,-0.24
201112,0.47,-0.03,0.83
201201,8.12,6.3,4.75
201202,2.42,4.18,4.53
201203,2.99,1.87,3.24
201204,-1.93,-0.88,-0.71
201205,-6.94,-7.04,-5.99
201206,5.99,2.98,3.91
201207,-2.01,-0.86,1.17
201208,2.97,3.82,2.37
201209,4.81,2.53,2.66
201210,-3.09,-1.26,-1.73
201211,0.63,1.93,0.6
201212,3.59,2.6,0.88
201301,6.13,7.23,5.33
201302,1.1,1.46,1.29
201303,5.02,4.76,3.88
201304,-0.34,-0.15,1.86
201305,5.9,4.77,2.45
201306,0.83,-1.04,-1.37
201307,7.95,7.03,5.34
201308,-2.98,-2.59,-2.72
201309,6.84,5.83,3.35
201310,2.18,3.14,4.43
201311,5.01,3.02,3.07
201312,2.23,2.92,2.65
201401,-1.7,-2.52,-3.55
201402,4.79,5.22,4.61
201403,-0.27,-0.78,0.73
201404,-5.01,-2.37,0.55
201405,-0.63,1.3,2.28
201406,5.76,5.13,2.01
201407,-6.82,-4.96,-1.4
201408,4.4,5.21,4.08
201409,-5.75,-4.97,-1.4
201410,5.67,3.55,2.23
201411,-0.26,1.05,2.89
201412,4.54,0.53,-0.39
201501,-4.33,-2.6,-3.08
201502,6.55,6.89,6.03
201503,1.66,1.14,-1.61
201504,-2.3,-1.14,1.02
201505,2.48,2,1.21
201506,2.29,-0.76,-1.83
201507,-3.9,-0.61,2.06
201508,-5.26,-6.04,-6.06
201509,-6.28,-5.14,-2.78
201510,5.66,5.59,8.2
201511,3.81,1.87,0.33
201512,-5.1,-4.57,-1.76
201601,-10.46,-8.1,-5.41
201602,-0.04,1.26,-0.16
201603,7.19,8.24,6.62
,,,
,,,
  Equal Weighted Returns -- Monthly,,,
,Small 30,Med 40,Big 30
192607,-0.43,1.52,2.68
192608,3.9,3.04,2.09
192609,-1.08,-0.54,0.16
192610,-3.32,-3.52,-3.06
192611,-0.46,3.82,3.09
192612,2.54,1.69,3.25
192701,1.86,1.32,0.23
192702,6.45,6.62,4.17
192703,-3.06,-1.93,-0.61
192704,3.48,-0.15,0.05
192705,6.75,6.81,5.67
192706,-2.45,-1.18,-2.9
192707,5.95,5.03,6.8
192708,-0.61,0.2,1.67
192709,0.59,3.57,4.89
192710,-5.25,-2.45,-3.86
192711,16.07,7.52,7.18
192712,3.1,2.77,3.52
192801,8.39,2.08,-0.21
192802,-1.8,-2.93,-2.13
192803,6.24,6.79,8.2
192804,15.23,6.64,4.27
192805,9.67,1.59,1.1
192806,-9.26,-6.53,-4.61
192807,-0.87,0.52,1.14
192808,3.22,6.61,7.51
192809,5.82,5.38,4.07
192810,1.85,1.84,0.95
192811,12.55,11.13,11.46
192812,-2.62,0.5,0.93
192901,3.08,2.36,5.16
192902,0.25,1.24,-0.17
192903,-3.6,-4.49,-0.57
192904,0.71,2.32,0.92
192905,-13.78,-8.72,-4.33
192906,5.81,8.12,9.35
192907,-0.55,2.19,3.95
192908,-0.79,1.91,7.17
192909,-5.99,-3.72,-3.67
192910,-20.67,-20.71,-19.14
192911,-12.91,-12.98,-11.5
192912,-8.64,-1.12,1.39
193001,16.54,10.09,5.71
193002,4.29,2.64,3.13
193003,14.91,9.38,7.26
193004,-5.74,-5.09,-3.5
193005,-7.33,-3.04,-1.53
193006,-19.69,-18.48,-16.74
193007,2.17,4.62,4.19
193008,-4.07,-1.55,-0.11
193009,-17.92,-15,-12.57
193010,-9.48,-10.16,-9.95
193011,-2.64,-1.96,-2.39
193012,-19.58,-12.95,-9.55
193101,22.31,12.44,8.68
193102,22.43,13.93,11.58
193103,-4.49,-6.58,-7.61
193104,-18.33,-15.67,-11.97
193105,-13.37,-13.82,-15.73
193106,19.95,16.66,18.97
193107,-5.87,-7.48,-7.05
193108,-4.89,-1.38,0.58
193109,-29.88,-30.99,-30.51
193110,8.85,11.32,8.93
193111,-8.21,-9.01,-9.94
193112,-22.35,-16.94,-16.06
193201,15.12,6.53,3.36
193202,1.91,0.91,4.11
193203,-11.39,-12.45,-12.26
193204,-18.82,-16.3,-18.24
193205,-11.52,-23.36,-25.03
193206,1.56,6.21,3.54
193207,50.07,40.88,39.94
193208,100.37,58.4,42.83
193209,-9.71,-4.75,-2.6
193210,-18.32,-17.58,-13.35
193211,-6.6,-7.62,-5.87
193212,-9.44,-4.72,3.4
193301,2.78,4.63,2.46
193302,-15.09,-16.24,-15.23
193303,15.74,9.95,6.17
193304,55.17,52.53,44.24
193305,99.5,57.61,26.27
193306,37.42,17.99,13.99
193307,-3.3,-12.41,-11.33
193308,4.65,13.26,14.86
193309,-18.49,-15.26,-11.44
193310,-11.73,-11.05,-9.11
193311,3.14,7.23,9.21
193312,0.54,2.47,2.03
193401,48.55,31.54,16.6
193402,6.48,0.32,-2.66
193403,1.25,0.34,0.36
193404,2.48,-1.25,-1.24
193405,-13.72,-10.89,-8.11
193406,-3.32,0.18,3.47
193407,-23.1,-19.27,-13.2
193408,12.81,9.83,6.22
193409,-2.2,-0.77,-0.49
193410,-2.55,-2.29,-1.1
193411,16,13.64,9.57
193412,1.95,1.72,0.56
193501,-1.44,-3.55,-4.48
193502,-9.09,-5.25,-2.56
193503,-10.71,-7.63,-3.35
193504,10.19,9.45,8.98
193505,1.53,2.05,3.89
193506,0.55,4.61,6.54
193507,14.19,11.69,7.1
193508,17.84,6.37,1.89
193509,1.26,3.46,1.97
193510,9.05,8.66,7.63
193511,32.25,9.28,4.89
193512,4.55,7.48,4.99
193601,29.75,10.84,6.23
193602,5.59,4.43,2.93
193603,0.53,1.94,-0.14
193604,-17.78,-11.52,-8.14
193605,5.5,5.49,4.72
193606,-1.88,0.15,1.54
193607,7.29,9.43,6.74
193608,1.96,2.95,1.28
193609,5.15,3.36,1.66
193610,7.63,5.64,6.95
193611,16.24,8.35,3.85
193612,3.93,3.24,0.69
193701,14.02,6.51,3.22
193702,3.95,2.68,1.5
193703,0.59,-0.29,0.01
193704,-14.01,-9.25,-7.47
193705,-3.53,-1.99,-1.62
193706,-11.34,-7.41,-4.45
193707,11.44,9.34,9.25
193708,-6.92,-4.85,-4.62
193709,-22.56,-20.15,-15.3
193710,-9.6,-10.96,-9.52
193711,-13.7,-10.84,-8.48
193712,-14.35,-11.32,-4.7
193801,7.49,4.41,0.75
193802,3.09,7.18,7.63
193803,-30.99,-28.88,-25.4
193804,22.92,20.52,17.01
193805,-8.3,-7.5,-5.1
193806,31.11,33.3,28.26
193807,15.51,12.69,8.32
193808,-10.71,-5.19,-3.49
193809,-2.89,-1.72,0.06
193810,18.4,14.35,10.31
193811,-6.89,-3.31,-1.45
193812,-0.27,4.77,4.6
193901,-7.62,-8.12,-6.84
193902,3.54,4.79,3.85
193903,-19.34,-18.55,-13.71
193904,0.49,0.04,-0.51
193905,7.33,9.98,7.68
193906,-10.17,-8.6,-6.48
193907,13.37,15.58,11.25
193908,-11.99,-11.29,-8.29
193909,71.37,33.18,17.58
193910,-3.81,0.48,0.63
193911,-13.2,-7.33,-4.29
193912,-2.14,3.6,2.84
194001,-1.17,-2.17,-2.19
194002,4.62,3.1,1.25
194003,3.2,2.83,2.2
194004,2.72,1.71,-0.77
194005,-29.48,-27.45,-23.57
194006,5.33,7.04,7.6
194007,3.08,4.66,3.22
194008,1.97,2.5,2.05
194009,4.09,4.56,2.64
194010,4.11,5.53,4.81
194011,0.05,0.44,-1.56
194012,-5.09,-0.79,0.14
194101,5.71,-3.01,-3.38
194102,-2.04,-2.29,-1.55
194103,2.7,0.88,0.62
194104,-5.79,-6.14,-5.29
194105,0.63,1.15,1.25
194106,8.5,6.25,5.55
194107,20.61,11.41,7.44
194108,-0.75,-1.05,-0.11
194109,-3.71,-1.6,-1.03
194110,-6.97,-6.22,-5.5
194111,-6.48,-2.25,-2.01
194112,-13.31,-7.28,-4.61
194201,30.53,8.75,2.97
194202,-0.79,-1.09,-2.53
194203,-5.09,-4.33,-6.34
194204,-3.81,-5.1,-4.7
194205,0.64,2.65,5.4
194206,2.49,1.99,3.08
194207,5.33,4.17,4.37
194208,4.29,2.27,2.24
194209,9.31,2.96,2.75
194210,13.04,9.98,7.06
194211,-2.83,-1.62,-0.47
194212,0.33,4.02,5.94
194301,31.24,13.06,7.8
194302,25.13,9.6,6.36
194303,15.06,10.4,8.21
194304,7.72,2.83,0.31
194305,12.78,7.51,5.15
194306,0.3,1.43,1.74
194307,-7.51,-6.78,-5.08
194308,-1.63,0.96,1.45
194309,4.54,3.53,2.5
194310,-0.33,0.08,-0.9
194311,-11.52,-8.63,-6.82
194312,11.85,10.09,7.4
194401,7.46,4.12,2.3
194402,2.7,1.15,0.67
194403,5.89,4.04,2.55
194404,-3.75,-2.85,-2.35
194405,7.57,6.91,5.27
194406,15.8,9.64,6.39
194407,-1.6,-1.01,-1.26
194408,3.81,3.37,1.93
194409,-0.1,0.04,0.09
194410,0.67,-0.47,0.18
194411,3.27,1.88,1.99
194412,8.89,7.27,4.63
194501,6.7,3.99,2.8
194502,9.74,8.8,6.92
194503,-8.21,-5.07,-3.86
194504,8.83,9.47,8.27
194505,4.7,2.67,1.55
194506,7.32,2.97,0.81
194507,-3.62,-3.66,-2.98
194508,6.16,6.94,6.76
194509,6.5,6.68,5.6
194510,9.38,5.77,4.84
194511,12.47,9.34,7.11
194512,3.32,2.82,1.05
194601,13.68,8.55,6.35
194602,-6.65,-6.9,-5.92
194603,3.39,7.44,6.43
194604,7.42,5.2,3.62
194605,5.22,6.39,4.66
194606,-5.23,-5.24,-4.26
194607,-5.37,-3.99,-3.16
194608,-8.54,-7.87,-5.94
194609,-16.03,-13.45,-10.88
194610,-1.63,-1.3,-0.91
194611,-0.74,-0.06,-0.29
194612,3.28,5.62,5.27
194701,5.38,2.61,1.08
194702,0.18,-0.7,-1.25
194703,-4.29,-2.83,-1.95
194704,-9.94,-8.38,-6.26
194705,-5.58,-3.8,-2.19
194706,6.33,5.34,5.78
194707,7.84,6.15,4.79
194708,-2.59,-0.81,-2.12
194709,1.11,0.53,0.07
194710,4.4,3.33,2.4
194711,-3.58,-3,-2.4
194712,1.71,2,3.27
194801,0.21,-1.82,-3.33
194802,-7.09,-6.15,-4.61
194803,9.98,9.23,9.79
194804,4.45,3.5,3.59
194805,10.11,8.71,7.71
194806,-1.62,-1.75,-0.89
194807,-5.74,-5.08,-5.12
194808,-1.21,-0.03,0.55
194809,-5.02,-4.23,-3.55
194810,5.38,4.97,5.73
194811,-11.69,-10.68,-9.68
194812,-1.05,1.47,3.38
194901,3.46,1.28,1.02
194902,-5.34,-4.32,-2.49
194903,7.05,6.34,4.31
194904,-3.05,-3.85,-2.31
194905,-6.51,-4.07,-2.33
194906,-1.39,-1.26,0.53
194907,6.34,6.69,5.53
194908,2.22,2.93,2.3
194909,4.73,4.53,3.65
194910,6.15,3.24,2.72
194911,-0.74,1.35,2.09
194912,8.35,7.1,5.77
195001,5.88,4.07,2.03
195002,2.57,1.1,1.51
195003,-0.76,-0.49,0.79
195004,6.15,4.96,3.35
195005,2.87,3.38,3.7
195006,-9,-7.08,-6.65
195007,8.61,4.56,2.1
195008,5.2,5.25,4.5
195009,4.5,6.08,5.62
195010,-0.33,-0.28,-0.82
195011,3.14,3.12,3.47
195012,12.49,7.58,5.73
195101,8.7,7.9,6.04
195102,0.52,1.31,1.8
195103,-4.89,-3.14,-2.22
195104,3.74,4.12,4.27
195105,-3.48,-2.18,-1.9
195106,-5.97,-4.93,-2.63
195107,5.03,6.18,7.63
195108,5.62,4.72,3.82
195109,2.73,2.38,1.75
195110,-2.32,-2.53,-2.33
195111,-0.16,1.16,1.06
195112,0.15,1.43,3
195201,1.67,1.61,1.96
195202,-2.35,-1.72,-2.26
195203,1.9,2.71,4.05
195204,-4.56,-4.11,-4.8
195205,1.43,2.56,3.08
195206,2.95,2.93,3.41
195207,0.97,0.97,1.23
195208,0.23,0.29,-0.48
195209,-1.26,-1.5,-1.77
195210,-1.13,-1.31,-0.93
195211,4.72,5.67,6.31
195212,1.56,2.45,2.77
195301,4.54,2.64,0.08
195302,2.4,1.2,0.08
195303,-1.25,-1.1,-0.92
195304,-2.12,-2.28,-2.65
195305,0.8,0.52,0.56
195306,-4.1,-3.15,-2.39
195307,1.24,1.66,2.37
195308,-5.95,-5.02,-4.44
195309,-2.87,-0.84,0.34
195310,2.46,4.1,4.53
195311,1.7,1.96,2.86
195312,-3.25,-1.4,0.1
195401,8.85,6.88,5.77
195402,0.57,1.69,1.68
195403,2.47,2.65,3.5
195404,0.79,1.28,2.94
195405,4.04,4.65,3.94
195406,1.29,1.33,1.14
195407,9.26,6.74,5.8
195408,0.55,-0.99,-2.34
195409,3.65,4.36,5.14
195410,-0.47,-0.55,-1.08
195411,7.83,9.43,9.81
195412,12.17,8.4,6.09
195501,2.44,1.53,0.23
195502,5.21,4.4,3.21
195503,0.01,0.04,0.23
195504,2.53,1.98,2.7
195505,0.43,0.51,1.24
195506,3.34,2.85,4.62
195507,1.71,0.4,0.22
195508,0.04,0.68,0.88
195509,0.14,-0.86,-1.66
195510,-1.66,-1.34,-2.21
195511,3.56,6,6.78
195512,2.49,2.29,1.94
195601,-0.67,-2.59,-2.69
195602,2.87,3.29,3.9
195603,4.23,4.76,6.46
195604,0.78,0.37,0.13
195605,-4.21,-3.84,-3.97
195606,0.88,2.22,3.22
195607,3.04,3.92,4.93
195608,-1.25,-1.59,-2.6
195609,-2.71,-3.26,-4.88
195610,0.59,0.8,0.8
195611,-0.11,0.86,0.85
195612,1.27,2.69,2.82
195701,2.84,0.08,-1.91
195702,-2.5,-2.45,-1.82
195703,1.84,2.5,2.25
195704,2.45,1.97,3.49
195705,1.05,2.24,3.09
195706,0.65,-1.1,-1.63
195707,0.8,0.53,0.34
195708,-4.26,-5.22,-5.13
195709,-5.11,-5.56,-5.2
195710,-8.34,-6.55,-4.54
195711,0.16,2.36,3.61
195712,-5.48,-5.2,-3.75
195801,14.27,10.85,6.9
195802,-1.46,-0.81,-1.24
195803,3.58,3.69,3.44
195804,4.06,2.37,3.12
195805,4.21,4.38,3.03
195806,3.9,2.87,3.05
195807,5.66,5.71,4.81
195808,3.62,3.33,2.05
195809,5.99,5.46,4.21
195810,3.11,3.45,3.15
195811,4.95,4.03,3.99
195812,3.37,3.83,4.46
195901,7.26,4.08,1.44
195902,3.19,3.16,2.04
195903,1.86,1.22,0.41
195904,1.9,3.23,2.62
195905,0.48,0.92,0.87
195906,-0.09,1.1,0.31
195907,3.11,3.1,2.92
195908,-1.1,-1.42,-1.79
195909,-4.13,-4.54,-4.84
195910,1.28,2.36,2.65
195911,0.39,2.02,2.06
195912,2.76,2.2,1.72
196001,-1.32,-4.51,-5.62
196002,0.37,0.9,1.24
196003,-2.88,-2.72,-1.56
196004,-2.68,-2.21,-0.96
196005,0.82,2.6,3.11
196006,1.87,2.29,2.44
196007,-1.65,-1.98,-2.07
196008,4.66,3.76,3.04
196009,-6.1,-6.3,-5.65
196010,-3.33,-2.65,-0.86
196011,2.61,5.26,6.04
196012,3.07,3.53,4.9
196101,9.25,8.76,6.36
196102,6.72,6.76,4.75
196103,7.18,4.89,2.88
196104,1.94,0.77,-0.2
196105,4.68,4.41,3.78
196106,-4.8,-4.44,-3.06
196107,0.06,1.01,2.45
196108,1,1.57,3.87
196109,-3.48,-2.95,-2.39
196110,1.84,1.86,2.74
196111,5.19,4.98,3.94
196112,-0.05,-0.29,-0.91
196201,2.39,-1.38,-2.99
196202,1.69,1.46,1.46
196203,-0.34,-0.88,-0.64
196204,-7.01,-6.78,-6.65
196205,-10.31,-10.06,-8.86
196206,-8.38,-8.32,-8.78
196207,7.61,6.15,5.67
196208,3.17,3.05,2.22
196209,-6.78,-6.27,-5.12
196210,-3.91,-2.45,-0.23
196211,14.89,13.96,12.62
196212,-2.23,-1.42,1.07
196301,10.97,7.47,5.5
196302,-0.65,-1.73,-1.78
196303,1.79,1.59,3.02
196304,3.54,3.46,4.61
196305,4.55,3.25,2.07
196306,-1.72,-1.73,-1.33
196307,-0.39,-1.31,-0.49
196308,3.13,5.35,5.95
196309,-0.44,-1.96,-1.9
196310,0.97,1.81,1.57
196311,-2.15,-1.3,-0.36
196312,-2.02,1.15,1.8
196401,4.96,1.33,1.48
196402,2.75,2.65,2.26
196403,2.79,3.31,2.11
196404,0.55,-0.5,-0.12
196405,0.06,1.53,1.51
196406,0.59,1.4,1.67
196407,3.56,2.16,2.42
196408,-0.3,-1.01,-0.91
196409,4.24,3.22,3.49
196410,2.4,1.65,1.08
196411,-0.09,-0.22,0.23
196412,-2.24,-0.24,-0.24
196501,8.89,5.79,4.91
196502,3.69,3.6,2.03
196503,2.67,0.31,-0.68
196504,4.64,4.02,2.67
196505,-0.49,-0.7,-0.72
196506,-9.19,-8.15,-5.69
196507,2.92,3.25,2.37
196508,3.78,5.45,3.59
196509,2.34,3.48,2.78
196510,7.34,4.88,3.04
196511,6.25,4.15,1.43
196512,5.59,3.54,1.55
196601,9.17,3.69,1.89
196602,5.24,1.41,-1.38
196603,0.13,-2.52,-1.43
196604,6.18,3.38,2.09
196605,-10.69,-7.55,-4.78
196606,-0.5,-0.53,-0.72
196607,-1.84,-1.36,-1.34
196608,-11.19,-9.34,-7.78
196609,-2.3,-1.43,-1.15
196610,-4.22,0.47,4.4
196611,3.99,5.33,2.75
196612,1.35,2.07,1.7
196701,21.62,14.81,8.79
196702,6.83,1.93,0.5
196703,6.53,5.75,4.44
196704,4.49,3.83,3.71
196705,0.42,-1.24,-3.43
196706,11.78,5.59,2.29
196707,10.36,6.4,5.43
196708,1.51,-0.1,-0.52
196709,8.77,4.21,1.95
196710,-0.82,-3.05,-4.6
196711,-0.67,1.2,0.78
196712,10.78,6.54,2.99
196801,6.24,-1.53,-3.73
196802,-6.56,-4.8,-3.34
196803,-1.7,-0.37,0.12
196804,16.63,12.63,9.42
196805,13.3,6.09,2.51
196806,1.55,1.44,2.09
196807,-2.04,-4.46,-2.56
196808,4.62,2.73,1.89
196809,7.58,6.62,5.36
196810,0.47,1.07,1.05
196811,6.94,8.31,6.59
196812,2.86,-1.94,-3.06
196901,-0.01,-1.3,-0.1
196902,-9.93,-7.87,-5.83
196903,2.11,1.59,2.1
196904,-0.21,0.93,1.5
196905,1.11,-0.54,-0.23
196906,-13.17,-10.62,-6.96
196907,-11.28,-8.25,-6.33
196908,4.71,6.32,5.36
196909,-3.3,-0.95,-2.07
196910,11.01,8.03,6.44
196911,-6.83,-4.58,-3.53
196912,-9.66,-3.9,-2.13
197001,-1.62,-6.24,-7.7
197002,3.17,4.18,7.23
197003,-3.34,-1.43,-0.64
197004,-18.44,-15.14,-10.65
197005,-9,-10.38,-7.3
197006,-8.62,-7.41,-4.98
197007,4.42,7.73,7.77
197008,6.48,6.45,5.23
197009,16.73,9.89,4.73
197010,-7.96,-4.24,-2.33
197011,-2.93,3.69,5.45
197012,8.49,8.86,7.12
197101,18.56,8.95,5.65
197102,6.74,2.84,1.64
197103,5.91,5.7,4.16
197104,1.97,3.86,3.17
197105,-6.16,-3.84,-3.43
197106,-3.11,-0.67,0.64
197107,-6.52,-4.75,-4.12
197108,3.7,5.39,4.39
197109,-0.53,-0.58,-0.8
197110,-6.51,-5.35,-4.45
197111,-4.97,-1.67,-0.68
197112,12.79,11.8,9.55
197201,15.45,5.63,2.04
197202,4.91,3.46,2.86
197203,-0.64,0.77,0.38
197204,-0.01,0.22,0.39
197205,-3.23,-0.8,0.47
197206,-3.68,-2.95,-3.13
197207,-3.72,-2.92,-1.64
197208,-0.28,2.22,4.41
197209,-4.04,-2.53,-1.48
197210,-2.72,-0.64,1.17
197211,4.17,6.34,6.6
197212,-3.33,-0.87,-0.31
197301,-2.57,-6.58,-5.24
197302,-8.12,-7.69,-4.82
197303,-2.96,-3.17,-1.52
197304,-7.55,-7.86,-5.63
197305,-10.2,-7.54,-3.56
197306,-3.47,-3.7,-2.55
197307,11.66,10.2,7.75
197308,-5.22,-3.2,-2.19
197309,6.51,9.98,8.49
197310,-0.29,-0.26,-0.96
197311,-18.41,-16.89,-13.21
197312,-5.86,-0.74,1.9
197401,16.28,7.7,2.17
197402,0.88,0.12,0.77
197403,2.02,-1.07,-2.7
197404,-5.04,-6.14,-5.91
197405,-6.94,-8.04,-5.09
197406,-2.81,-3.65,-3.46
197407,-5.46,-4.33,-6.09
197408,-7.75,-8.57,-9.96
197409,-7.61,-8.28,-9.16
197410,6.91,11.85,18.14
197411,-5.49,-4.11,-2.59
197412,-9.18,-5.26,-2.87
197501,31.85,25.62,17.45
197502,6.21,4.19,5.41
197503,9.43,6.27,4.29
197504,2.94,4.22,4.87
197505,8,6.6,5.75
197506,7.69,6.37,6.77
197507,0.95,-3.79,-6.57
197508,-5.37,-3.97,-2.47
197509,-3.51,-3.99,-4.03
197510,0.51,3.22,5.99
197511,1.52,2.59,3.44
197512,-0.44,-0.14,-0.91
197601,20.15,17.06,13.11
197602,14.39,6.38,0.82
197603,2.45,1.57,1.72
197604,-0.36,-0.9,-1.12
197605,-2.26,-1.28,-1.05
197606,2,4.67,5.46
197607,0.42,0.1,-0.51
197608,-1.76,-1.5,-0.43
197609,1.12,2.7,2.28
197610,-2.08,-2.03,-2.21
197611,2.4,3.74,1.61
197612,10.75,8.96,6.68
197701,5.92,-0.15,-4.3
197702,1.1,-1.3,-2.12
197703,1.4,0.48,-0.43
197704,1.98,1.52,1.11
197705,0.75,-0.25,-0.97
197706,5.16,6.22,5.08
197707,2.11,-0.61,-1.83
197708,0.03,-0.89,-1.83
197709,1.8,0.74,0.05
197710,-1.94,-2.62,-4.17
197711,7.46,7.18,5.17
197712,2.63,1.31,0.26
197801,0.23,-4.2,-5.69
197802,3.56,1.24,-1.73
197803,7.48,5.61,4.09
197804,8.28,7.36,8.07
197805,8.17,4.68,2.75
197806,1.52,0.1,-1.17
197807,4.9,5.88,6.04
197808,10.85,7.16,3.81
197809,1.14,-1.18,-0.84
197810,-19.49,-16.99,-11.17
197811,4.14,5.37,3.11
197812,1.27,2.12,1
197901,10.37,7.56,5.43
197902,-1.42,-2.74,-3.36
197903,8.11,8.98,6.99
197904,3.26,2.28,0.22
197905,-0.24,-1.45,-0.75
197906,5.38,5.54,5.83
197907,2.03,3.41,2.05
197908,7.64,7.56,6.54
197909,-0.25,-0.11,-0.4
197910,-9.97,-9.58,-7.77
197911,6.14,8.14,6.56
197912,7.66,4.8,2.92
198001,11.77,6.24,5.12
198002,-0.11,-3.27,-2.72
198003,-17.47,-14.89,-9.43
198004,4.73,6.59,5.98
198005,6.84,8.97,6.95
198006,4.27,4.66,3.73
198007,9.46,9.77,7.36
198008,7.89,4.6,1.71
198009,5.74,3.03,3
198010,5.46,2.11,0.85
198011,6.44,7.01,8.13
198012,-3.86,-1.91,-0.9
198101,1.64,-0.75,-3.07
198102,-0.01,2.06,2.02
198103,7.3,7.92,6.7
198104,3.76,2.18,-0.75
198105,3.06,2.43,1.35
198106,-0.27,-1.3,-0.7
198107,-2.25,-1.88,-0.52
198108,-7.99,-6.51,-5.39
198109,-9.85,-6.42,-5.86
198110,7.03,7.56,6.9
198111,1.11,3.7,4.61
198112,-1.96,-1.89,-2.9
198201,-1.02,-4.16,-2.81
198202,-4.62,-4.53,-4.65
198203,-1.08,-0.96,-1.35
198204,5.43,5.51,4.99
198205,-1.89,-3.51,-4.3
198206,-3.54,-3,-2.62
198207,-1.61,-1.27,-2.91
198208,4.5,10.44,12.99
198209,3.24,3.67,1.88
198210,12.94,13.86,12.54
198211,10.38,7.94,4.54
198212,2.68,0.62,1.61
198301,13.44,5.39,3.24
198302,5.98,4.73,2.88
198303,5.69,4.01,3.61
198304,8.47,7.13,6.33
198305,11.27,4.89,2.28
198306,5.26,4.01,2.94
198307,-1.43,-3.27,-3.5
198308,-3.8,-2.47,0.58
198309,-0.62,2.9,1.91
198310,-6.17,-5.73,-2.62
198311,2.21,5.47,3.74
198312,-2.36,-1.93,-1.32
198401,1.36,-2.88,-2.07
198402,-5.68,-5.67,-4.52
198403,0.52,0.97,1.73
198404,-2.56,-0.44,-0.8
198405,-4.8,-5.48,-5.37
198406,0.84,3.23,2.94
198407,-5.29,-3.5,-1.94
198408,7.84,12.35,11.94
198409,-0.17,-0.04,0.32
198410,-2.86,-0.8,0.97
198411,-4.02,-1.16,-0.6
198412,0.05,2.43,2.88
198501,13.18,11.43,8.15
198502,5.69,1.72,1.93
198503,-1.07,-1.27,0.53
198504,-1.5,-0.67,-0.5
198505,1.47,4.2,6.71
198506,0.13,2.08,2.11
198507,2.25,1.82,-0.9
198508,-0.41,-0.5,-0.29
198509,-6.05,-5.32,-4.23
198510,0.88,4.28,5.66
198511,4.78,7.64,6.95
198512,2.6,4.09,4.31
198601,5.23,1.64,1.74
198602,5.78,7.17,8.38
198603,4.67,5.48,4.88
198604,1.95,0.92,-1.56
198605,3.36,4.65,5.43
198606,0.87,0.6,1.34
198607,-7.77,-7.95,-5.59
198608,0.41,5.3,7.39
198609,-6.11,-6.58,-8.41
198610,1.72,4,6.56
198611,-1.23,-0.09,1.34
198612,-4.1,-2.49,-3.25
198701,11.76,11.91,12.88
198702,7.93,7.22,5.1
198703,3.88,1.29,1.1
198704,-1.49,-3.32,-2.9
198705,0.34,-0.26,0.54
198706,1.87,3.65,5.03
198707,2.94,4.05,4.86
198708,0.96,3.71,3.58
198709,-1.51,-2.01,-2.12
198710,-28.19,-27.71,-22.23
198711,-5.46,-4.78,-7.18
198712,1.13,9.03,8.16
198801,9.06,4.57,5.61
198802,5.93,8.98,6.23
198803,4.44,2.18,-1.59
198804,1.46,1.19,0.32
198805,-1.97,-1.53,0.39
198806,4.47,6.97,5.85
198807,0.46,-1.53,-1.24
198808,-2.16,-2.68,-2.32
198809,1.58,2.82,4.13
198810,-1.92,-0.32,1.48
198811,-4.64,-2.34,-2.24
198812,1.82,3.42,2.21
198901,6.67,4.85,6.56
198902,0.47,0.64,-1.23
198903,1.6,1.74,2.12
198904,2.69,5.06,4.98
198905,2.4,4.15,4.41
198906,-1.32,-1.35,-0.18
198907,2.1,4.91,8.33
198908,1.68,3.41,2.69
198909,0.48,-0.07,-0.65
198910,-5.23,-5.74,-3.69
198911,-1.75,0.65,1.67
198912,-2.36,0.33,1.98
199001,-4.14,-8.62,-7.77
199002,1.85,2.59,1.72
199003,2.43,3.18,1.76
199004,-2.13,-4.43,-3.83
199005,3.44,7.09,9.33
199006,0.67,-0.07,-1.04
199007,-3.18,-3.57,-1.81
199008,-11.67,-12.13,-9.7
199009,-8.13,-9.16,-6.91
199010,-6.8,-5.27,-2.33
199011,1.89,9.43,9.88
199012,-1.93,4.89,3.93
199101,9.53,8.34,6.24
199102,15.02,11.73,7.85
199103,9.59,5,3.03
199104,4.16,0.45,1.08
199105,2.68,3.67,4.76
199106,-3.17,-4.18,-5.17
199107,3.22,4.74,4.67
199108,3.09,3.79,2.69
199109,1.39,-0.38,-1.12
199110,2.81,2.02,1.88
199111,-1.77,-4.34,-4.18
199112,1.58,9.75,11.41
199201,20.76,5.64,0.38
199202,7.04,2.59,1.84
199203,-0.55,-2.64,-2.39
199204,-4.4,-1.83,1.92
199205,0.34,1.1,0.71
199206,-4.55,-3.19,-1.66
199207,2.33,3.91,4.29
199208,-2.8,-2.66,-2.16
199209,1.11,1.93,1.92
199210,1.88,3.52,2.05
199211,8,7,4.32
199212,4.19,3.3,1.99
199301,8.89,2.4,1.65
199302,-1.56,-1.58,0.77
199303,2.88,2.96,2.76
199304,-1.44,-2.95,-2.6
199305,4.18,4.29,2.69
199306,1.7,0.53,0.57
199307,1.55,0.79,0.13
199308,3.8,4.65,4.52
199309,3.36,2.35,-0.04
199310,5.15,1.3,1.07
199311,-2.47,-3.01,-1.59
199312,0.19,4.06,2.48
199401,5.78,2.54,2.84
199402,-0.55,-0.61,-2.22
199403,-4.14,-4.87,-4.16
199404,-1.95,0.11,0.79
199405,-0.15,-0.91,0.97
199406,-2.87,-2.41,-2.72
199407,0.91,2.7,3.06
199408,3.33,6.22,4.73
199409,1.56,-0.97,-2.55
199410,-0.06,-0.03,1.39
199411,-4.38,-4.56,-3.76
199412,-2.31,2.26,0.93
199501,4.16,-0.44,2.68
199502,2.62,4.64,4.62
199503,1.65,2.24,2.62
199504,2.53,1.98,1.57
199505,1.73,1.79,3.7
199506,6.1,4.43,2.59
199507,6.18,6.43,4.25
199508,4.31,1.85,1.54
199509,3.02,1.8,2.96
199510,-4.93,-3.87,-1.97
199511,0.4,4.7,4.96
199512,0.58,1.57,0.48
199601,3.5,0.16,3.04
199602,4.01,3.52,1.8
199603,3.17,2.49,1.24
199604,6.81,4.96,2.57
199605,8.74,2.46,1.57
199606,-3.48,-3.27,-0.9
199607,-9.31,-8.31,-5.85
199608,4.05,6.64,3.95
199609,2.38,4.44,5.47
199610,-2.96,-2.08,0.7
199611,1.47,3.99,6.83
199612,-0.89,0.85,-1.78
199701,7.96,2.59,3.96
199702,-1.55,-1.94,0.33
199703,-5.25,-5.23,-4.34
199704,-3.54,0.32,2.59
199705,8.15,12.75,8.02
199706,4.33,4.39,3.45
199707,4.44,6.21,8.52
199708,4.48,1.81,-2.26
199709,9.44,7.37,5.16
199710,-1.39,-4.1,-3.72
199711,-3.07,-0.68,2.92
199712,-4.84,1.53,2.2
199801,2.26,-0.94,-0.86
199802,5.51,8.58,8.01
199803,4.98,4.6,4.66
199804,3.42,1.04,0.69
199805,-4.42,-5.72,-3
199806,-3.9,-0.39,0.94
199807,-5.5,-7.41,-3.96
199808,-20.97,-19.96,-16.1
199809,2.58,7.29,6.89
199810,2.22,6.55,8.98
199811,9.21,5.87,5.12
199812,1.19,5.68,5.1
199901,9.95,0.01,0.07
199902,-4.5,-7.39,-2.57
199903,-2.78,1.76,3.9
199904,8.38,9.38,8.56
199905,4.18,3.49,0.27
199906,3.56,4.93,3.43
199907,2.27,-1.91,-3.31
199908,-3.58,-3.9,-2.06
199909,-2.06,0,-3.17
199910,-1.38,1.08,5.46
199911,11.47,6.08,2.57
199912,8.93,8.15,6
200001,9.93,-4.13,-4.18
200002,17.16,6.89,-0.9
200003,-1.8,4.39,10.72
200004,-10.82,-3.65,-1.8
200005,-7.34,-2.92,0.01
200006,9.14,4.54,0.04
200007,-1.93,-3.72,-1.3
200008,5.14,7.62,10.22
200009,-4.3,-5.17,-3.35
200010,-7.68,-6.62,-2.19
200011,-12.48,-13.48,-12.46
200012,-5.05,5.18,5.04
200101,30.74,19.26,8.95
200102,-5.72,-11.12,-11.24
200103,-5.85,-9.28,-9.6
200104,5.69,10.57,13.06
200105,9,3.59,1.47
200106,1.76,2.56,-2.1
200107,-2.65,-4.77,-2.55
200108,-3.49,-4.88,-5.66
200109,-12.71,-15.46,-13.11
200110,7.97,10.42,5.64
200111,7.39,10.47,9.75
200112,6.76,7.2,2.93
200201,3.74,-2.34,-1.96
200202,-4.33,-3.61,-2.81
200203,8.26,8.57,7.52
200204,1.07,-2.06,-4.3
200205,-1.68,-5.25,-2.25
200206,-6.35,-8.22,-9.87
200207,-12.29,-12.72,-9.41
200208,-0.05,1.29,0.81
200209,-8.76,-8.58,-10.23
200210,4.39,5.18,6.43
200211,14.35,10.77,8.45
200212,-5.29,-5.07,-4.49
200301,1.56,-2.91,-2.22
200302,-2.66,-3.08,-2.06
200303,1.37,1.22,0.79
200304,10.22,10.87,8.67
200305,16.22,11.13,8.86
200306,6.84,2.15,0.47
200307,8.71,5.22,2.43
200308,5.36,5.17,3.79
200309,4.23,-1.92,-1.6
200310,8.81,8.32,7.28
200311,4.29,3.32,2.17
200312,3.65,2.75,4.11
200401,9.09,3.53,1.93
200402,0.63,1.86,2.21
200403,0.24,0.78,-0.7
200404,-3.24,-3.45,-1.93
200405,-0.81,1.77,1.86
200406,2.44,3.65,2.1
200407,-7.14,-5.9,-4.38
200408,-1.62,-1.25,0
200409,4.13,4.47,3.05
200410,1.72,2.28,2.22
200411,9.56,7.69,5.63
200412,7.08,3.8,3.76
200501,-3.71,-3.33,-2.73
200502,0.45,2.52,2.24
200503,-3.54,-1.93,-1.17
200504,-6.33,-5.32,-2.97
200505,4.56,6.77,4.48
200506,3.76,3.09,1.5
200507,7.05,5.74,4.9
200508,-1.13,-1.24,-0.88
200509,0.56,0.64,0.95
200510,-3.44,-3.07,-2.02
200511,3.26,4.82,4.18
200512,1.06,0.16,0.69
200601,8.99,6.79,3.6
200602,0.84,-0.49,0.32
200603,4.77,3.6,1.77
200604,0.66,0.5,1.13
200605,-5.21,-4.62,-2.88
200606,-1.03,-0.67,-0.01
200607,-3.7,-3.89,-1.45
200608,2,2.31,2.36
200609,0.69,1.24,2.19
200610,5.19,5,3.64
200611,2.39,3.56,2.81
200612,1.76,0.29,0.48
200701,2.32,2.47,2.69
200702,0.28,0.17,-0.36
200703,-0.03,1.35,0.99
200704,1.92,3.13,4.18
200705,1.52,4.73,3.81
200706,-0.29,-1.46,-1.77
200707,-5.35,-5.11,-3.39
200708,-1.82,0.58,0.47
200709,1.22,2.08,3.25
200710,0.57,2.26,1.82
200711,-9.45,-6.37,-4.6
200712,-1.65,-1.04,-1.11
200801,-5.12,-5.14,-5.25
200802,-2.63,-3.37,-2.85
200803,-3.08,-1.3,-1.92
200804,0.96,5.56,5.54
200805,3.1,4.92,2.82
200806,-9.17,-10.09,-10.15
200807,1.15,1.28,-2.1
200808,2.03,3.98,0.97
200809,-11.16,-10.07,-12.67
200810,-21.15,-22.11,-20.78
200811,-15.51,-11.93,-9.5
200812,2.08,5.58,3.39
200901,-2.3,-8.38,-6.36
200902,-11.65,-12.1,-10.66
200903,12.86,12.51,9.83
200904,21.64,23.15,18
200905,11.11,6.31,7.69
200906,5.1,0.67,-0.46
200907,8.57,9.52,8.28
200908,7.83,3.94,4.3
200909,7.74,6.21,5.16
200910,-7.28,-5.83,-3.05
200911,0.7,3.65,5.13
200912,6.69,7.42,4.5
201001,0.64,-2.91,-3.28
201002,3.6,4.35,4.17
201003,8.14,8.29,6.53
201004,9.69,4.97,2.42
201005,-8.55,-7.45,-7.3
201006,-8.42,-7.16,-5.54
201007,4.91,7.03,7.34
201008,-7.5,-6.25,-4.41
201009,10.36,12.75,10.39
201010,4.64,3.18,3.98
201011,2,3.45,1.41
201012,9,8.02,6.79
201101,2.08,1.26,2.19
201102,4,4.91,3.84
201103,0.74,2.3,1.08
201104,0.58,3.01,3.1
201105,-2.74,-1.19,-0.55
201106,-2.97,-1.8,-1.85
201107,-1.72,-4.22,-3.27
201108,-10.34,-8.54,-6.53
201109,-11.02,-11.52,-9.02
201110,10.52,16.35,13.07
201111,-2.52,-0.46,-0.52
201112,0.07,0.03,-0.59
201201,10.33,7.19,6.75
201202,3.89,4.05,4.57
201203,3.87,1.93,2.11
201204,-1.49,-1.25,-0.96
201205,-6.87,-7.24,-7.51
201206,4.02,3.55,2.91
201207,-1.3,-1.14,0.12
201208,2.22,3.6,3
201209,4.58,2.73,2.5
201210,-2.45,-1.52,-0.78
201211,-0.48,1.66,1.39
201212,2.34,3.03,2.23
201301,7.69,6.85,6.69
201302,1.01,1.21,1.09
201303,4.3,4.58,4.44
201304,-0.38,-0.2,1.44
201305,5.27,5.07,2.4
201306,0.39,-0.75,-1.16
201307,8.02,6.95,5.98
201308,-1.78,-2.65,-2.31
201309,6.16,5.78,4.3
201310,2.08,2.82,3.81
201311,4.86,3.77,2.42
201312,2.87,2.71,2.97
201401,1.95,-2.94,-3
201402,4.26,4.92,5.5
201403,0.06,-0.3,0.34
201404,-5.14,-2.56,-0.2
201405,-0.82,1.05,2.38
201406,4.55,5.21,2.82
201407,-5.29,-5.23,-2.31
201408,3.53,5.15,4.54
201409,-5.17,-5.26,-2.53
201410,2.24,4.32,2.7
201411,-1.02,0.42,2.48
201412,2.85,0.6,0.11
201501,-3.19,-3.76,-2.76
201502,6.14,7.44,6.61
201503,-0.06,0.77,-0.93
201504,0.25,-0.33,0.85
201505,0.63,1.41,0.88
201506,0.45,-0.84,-1.99
201507,-4.79,-1.15,0.93
201508,-3.85,-5.94,-5.61
201509,-6.19,-5.93,-4.05
201510,4.3,5.99,7.13
201511,2.19,2.89,0.31
201512,-5.12,-4.92,-2.82
201601,-10.25,-9.32,-6.95
201602,-0.15,1.04,0.72
201603,7.68,9.76,7.92
,,,
,,,
,,,
Copyright 2016 Kenneth R. French,,,
